2026-05-07 02:24:08,610 [INFO] ============================================================
2026-05-07 02:24:08,610 [INFO] Amazon Vendor Central — Sales Scraper
2026-05-07 02:24:08,611 [INFO] Cuenta  : Honey Can Do HK Limited
2026-05-07 02:24:08,611 [INFO] Período : 2026-01-01 → 2026-05-04
2026-05-07 02:24:08,612 [INFO] ============================================================
2026-05-07 02:24:29,916 [INFO] Iniciando login en Amazon Vendor Central...
2026-05-07 02:24:52,511 [ERROR] Timeout durante login: Locator.wait_for: Timeout 10000ms exceeded.
Call log:
  - waiting for locator("input[type=\"email\"], input[name=\"email\"], #ap_email") to be visible

2026-05-07 02:24:52,513 [ERROR] No se pudo iniciar sesión. Verificá credenciales y TOTP_SECRET.
2026-05-07 02:26:38,284 [INFO] ============================================================
2026-05-07 02:26:38,284 [INFO] Amazon Vendor Central — Sales Scraper
2026-05-07 02:26:38,284 [INFO] Cuenta  : Honey Can Do HK Limited
2026-05-07 02:26:38,284 [INFO] Período : 2026-01-01 → 2026-05-04
2026-05-07 02:26:38,284 [INFO] ============================================================
2026-05-07 02:27:03,570 [INFO] Sesión activa detectada.
2026-05-07 02:27:03,572 [INFO] Sesión ya activa, saltando login.
2026-05-07 02:27:03,577 [INFO] Carpeta de salida: C:\Users\Carlos Pericon\Desktop\Amazon Scraping\output
2026-05-07 02:27:03,580 [INFO] Navegando a Sales...
2026-05-07 02:27:09,908 [INFO] Total de días a descargar: 124
2026-05-07 02:27:09,910 [INFO] Desde 2026-01-01 hasta 2026-05-04
2026-05-07 02:27:09,912 [INFO] Navegando a Sales...
2026-05-07 02:27:17,052 [INFO] Configurando filtros para 01/01/2026...
2026-05-07 02:27:47,153 [ERROR] Error al configurar filtros: Locator.select_option: Timeout 30000ms exceeded.
Call log:
  - waiting for locator("select").first

2026-05-07 02:27:47,153 [ERROR] Error no manejado: Locator.select_option: Timeout 30000ms exceeded.
Call log:
  - waiting for locator("select").first
Traceback (most recent call last):
  File "C:\Users\Carlos Pericon\Desktop\Amazon Scraping\main.py", line 82, in main
    download_sales_range(page, START_DATE, END_DATE)
  File "C:\Users\Carlos Pericon\Desktop\Amazon Scraping\downloader.py", line 295, in download_sales_range
    set_filters(page, target_date)
  File "C:\Users\Carlos Pericon\Desktop\Amazon Scraping\downloader.py", line 63, in set_filters
    timeframe_sel.select_option(value="daily")
  File "C:\Users\Carlos Pericon\Desktop\Amazon Scraping\.venv\Lib\site-packages\playwright\sync_api\_generated.py", line 18226, in select_option
    self._sync(
  File "C:\Users\Carlos Pericon\Desktop\Amazon Scraping\.venv\Lib\site-packages\playwright\_impl\_sync_base.py", line 115, in _sync
    return task.result()
           ^^^^^^^^^^^^^
  File "C:\Users\Carlos Pericon\Desktop\Amazon Scraping\.venv\Lib\site-packages\playwright\_impl\_locator.py", line 610, in select_option
    return await self._frame.select_option(
           ^^^^^^^^^^^^^^^^^^^^^^^^^^^^^^^^
  File "C:\Users\Carlos Pericon\Desktop\Amazon Scraping\.venv\Lib\site-packages\playwright\_impl\_frame.py", line 781, in select_option
    return await self._channel.send("selectOption", self._timeout, params)
           ^^^^^^^^^^^^^^^^^^^^^^^^^^^^^^^^^^^^^^^^^^^^^^^^^^^^^^^^^^^^^^^
  File "C:\Users\Carlos Pericon\Desktop\Amazon Scraping\.venv\Lib\site-packages\playwright\_impl\_connection.py", line 69, in send
    return await self._connection.wrap_api_call(
           ^^^^^^^^^^^^^^^^^^^^^^^^^^^^^^^^^^^^^
  File "C:\Users\Carlos Pericon\Desktop\Amazon Scraping\.venv\Lib\site-packages\playwright\_impl\_connection.py", line 559, in wrap_api_call
    raise rewrite_error(error, f"{parsed_st['apiName']}: {error}") from None
playwright._impl._errors.TimeoutError: Locator.select_option: Timeout 30000ms exceeded.
Call log:
  - waiting for locator("select").first

2026-05-07 02:32:03,649 [INFO] ============================================================
2026-05-07 02:32:03,649 [INFO] Amazon Vendor Central — Sales Scraper
2026-05-07 02:32:03,649 [INFO] Cuenta  : Honey Can Do HK Limited
2026-05-07 02:32:03,649 [INFO] Período : 2026-01-01 → 2026-05-04
2026-05-07 02:32:03,649 [INFO] ============================================================
2026-05-07 02:32:15,607 [INFO] Sesión activa detectada.
2026-05-07 02:32:15,607 [INFO] Sesión ya activa, saltando login.
2026-05-07 02:32:15,608 [INFO] Navegando a Sales...
2026-05-07 02:32:22,982 [INFO] URL en Sales: https://vendorcentral.amazon.com/ap/signin?clientContext=131-7058358-4127108&openid.pape.preferred_auth_policies=SinglefactorWithPossessionChallenge&openid.return_to=https%3A%2F%2Fvendorcentral.amazon.com%2Fanalytics%2Fdashboard%2FsalesDiagnostic&openid.identity=http%3A%2F%2Fspecs.openid.net%2Fauth%2F2.0%2Fidentifier_select&openid.assoc_handle=amzn_vc_us_v2&openid.mode=checkid_setup&intercept=false&language=en_US&openid.claimed_id=http%3A%2F%2Fspecs.openid.net%2Fauth%2F2.0%2Fidentifier_select&pageId=amzn_vc_us_auth&openid.ns=http%3A%2F%2Fspecs.openid.net%2Fauth%2F2.0
2026-05-07 02:32:22,982 [INFO] Total días: 124 (2026-01-01 → 2026-05-04)
2026-05-07 02:32:22,983 [INFO] Navegando a Sales...
2026-05-07 02:32:29,518 [INFO] URL en Sales: https://vendorcentral.amazon.com/ap/signin?clientContext=131-7058358-4127108&openid.pape.preferred_auth_policies=SinglefactorWithPossessionChallenge&openid.return_to=https%3A%2F%2Fvendorcentral.amazon.com%2Fanalytics%2Fdashboard%2FsalesDiagnostic&openid.identity=http%3A%2F%2Fspecs.openid.net%2Fauth%2F2.0%2Fidentifier_select&openid.assoc_handle=amzn_vc_us_v2&openid.mode=checkid_setup&intercept=false&language=en_US&openid.claimed_id=http%3A%2F%2Fspecs.openid.net%2Fauth%2F2.0%2Fidentifier_select&pageId=amzn_vc_us_auth&openid.ns=http%3A%2F%2Fspecs.openid.net%2Fauth%2F2.0
2026-05-07 02:32:29,518 [INFO] Configurando filtros para 01/01/2026...
2026-05-07 02:32:29,666 [INFO] Selects encontrados: 0
2026-05-07 02:32:29,666 [WARNING] No se encontró el selector de Time frame, intentando por texto...
2026-05-07 02:32:29,705 [INFO] Inputs de texto encontrados: 0
2026-05-07 02:32:29,706 [WARNING] No se encontró Distributor View selector
2026-05-07 02:32:29,723 [WARNING] No se encontró botón Apply
2026-05-07 02:32:29,860 [INFO] Abriendo Customize Columns...
2026-05-07 02:32:29,905 [INFO] Columnas configuradas.
2026-05-07 02:32:29,905 [INFO] Configurando filtros para 01/01/2026...
2026-05-07 02:32:30,005 [INFO] Selects encontrados: 0
2026-05-07 02:32:30,008 [WARNING] No se encontró el selector de Time frame, intentando por texto...
2026-05-07 02:32:30,037 [INFO] Inputs de texto encontrados: 0
2026-05-07 02:32:30,037 [WARNING] No se encontró Distributor View selector
2026-05-07 02:32:30,054 [WARNING] No se encontró botón Apply
2026-05-07 02:32:30,159 [INFO] Solicitando Excel para 2026-01-01...
2026-05-07 02:32:30,180 [WARNING] No se encontró botón Excel
2026-05-07 02:32:44,578 [INFO] Navegando a Sales...
2026-05-07 02:32:49,972 [INFO] URL en Sales: https://vendorcentral.amazon.com/ap/signin?clientContext=131-7058358-4127108&openid.pape.preferred_auth_policies=SinglefactorWithPossessionChallenge&openid.return_to=https%3A%2F%2Fvendorcentral.amazon.com%2Fanalytics%2Fdashboard%2FsalesDiagnostic&openid.identity=http%3A%2F%2Fspecs.openid.net%2Fauth%2F2.0%2Fidentifier_select&openid.assoc_handle=amzn_vc_us_v2&openid.mode=checkid_setup&intercept=false&language=en_US&openid.claimed_id=http%3A%2F%2Fspecs.openid.net%2Fauth%2F2.0%2Fidentifier_select&pageId=amzn_vc_us_auth&openid.ns=http%3A%2F%2Fspecs.openid.net%2Fauth%2F2.0
2026-05-07 02:32:49,975 [INFO] Configurando filtros para 01/02/2026...
2026-05-07 02:32:50,163 [INFO] Selects encontrados: 0
2026-05-07 02:32:50,164 [WARNING] No se encontró el selector de Time frame, intentando por texto...
2026-05-07 02:32:50,187 [INFO] Inputs de texto encontrados: 0
2026-05-07 02:32:50,187 [WARNING] No se encontró Distributor View selector
2026-05-07 02:32:50,191 [WARNING] No se encontró botón Apply
2026-05-07 02:32:50,363 [INFO] Solicitando Excel para 2026-01-02...
2026-05-07 02:32:50,381 [WARNING] No se encontró botón Excel
2026-05-07 02:33:03,817 [INFO] Navegando a Sales...
2026-05-07 02:33:09,102 [INFO] URL en Sales: https://vendorcentral.amazon.com/ap/signin?clientContext=131-7058358-4127108&openid.pape.preferred_auth_policies=SinglefactorWithPossessionChallenge&openid.return_to=https%3A%2F%2Fvendorcentral.amazon.com%2Fanalytics%2Fdashboard%2FsalesDiagnostic&openid.identity=http%3A%2F%2Fspecs.openid.net%2Fauth%2F2.0%2Fidentifier_select&openid.assoc_handle=amzn_vc_us_v2&openid.mode=checkid_setup&intercept=false&language=en_US&openid.claimed_id=http%3A%2F%2Fspecs.openid.net%2Fauth%2F2.0%2Fidentifier_select&pageId=amzn_vc_us_auth&openid.ns=http%3A%2F%2Fspecs.openid.net%2Fauth%2F2.0
2026-05-07 02:33:09,102 [INFO] Configurando filtros para 01/03/2026...
2026-05-07 02:33:09,245 [INFO] Selects encontrados: 0
2026-05-07 02:33:09,245 [WARNING] No se encontró el selector de Time frame, intentando por texto...
2026-05-07 02:33:09,268 [INFO] Inputs de texto encontrados: 0
2026-05-07 02:33:09,268 [WARNING] No se encontró Distributor View selector
2026-05-07 02:33:09,296 [WARNING] No se encontró botón Apply
2026-05-07 02:33:09,387 [INFO] Solicitando Excel para 2026-01-03...
2026-05-07 02:33:09,405 [WARNING] No se encontró botón Excel
2026-05-07 02:33:19,914 [INFO] Navegando a Sales...
2026-05-07 02:33:26,521 [INFO] URL en Sales: https://vendorcentral.amazon.com/ap/signin?clientContext=131-7058358-4127108&openid.pape.preferred_auth_policies=SinglefactorWithPossessionChallenge&openid.return_to=https%3A%2F%2Fvendorcentral.amazon.com%2Fanalytics%2Fdashboard%2FsalesDiagnostic&openid.identity=http%3A%2F%2Fspecs.openid.net%2Fauth%2F2.0%2Fidentifier_select&openid.assoc_handle=amzn_vc_us_v2&openid.mode=checkid_setup&intercept=false&language=en_US&openid.claimed_id=http%3A%2F%2Fspecs.openid.net%2Fauth%2F2.0%2Fidentifier_select&pageId=amzn_vc_us_auth&openid.ns=http%3A%2F%2Fspecs.openid.net%2Fauth%2F2.0
2026-05-07 02:33:26,522 [INFO] Configurando filtros para 01/04/2026...
2026-05-07 02:33:26,710 [INFO] Selects encontrados: 0
2026-05-07 02:33:26,710 [WARNING] No se encontró el selector de Time frame, intentando por texto...
2026-05-07 02:33:26,733 [INFO] Inputs de texto encontrados: 0
2026-05-07 02:33:26,734 [WARNING] No se encontró Distributor View selector
2026-05-07 02:33:26,750 [WARNING] No se encontró botón Apply
2026-05-07 02:33:26,840 [INFO] Solicitando Excel para 2026-01-04...
2026-05-07 02:33:26,871 [WARNING] No se encontró botón Excel
2026-05-07 02:33:40,554 [INFO] Progreso: 4/124, descargados: 0
2026-05-07 02:33:40,554 [INFO] Pausa entre batches: 40s
2026-05-07 02:34:20,469 [INFO] Navegando a Sales...
2026-05-07 02:34:25,695 [INFO] URL en Sales: https://vendorcentral.amazon.com/ap/signin?clientContext=131-7058358-4127108&openid.pape.preferred_auth_policies=SinglefactorWithPossessionChallenge&openid.return_to=https%3A%2F%2Fvendorcentral.amazon.com%2Fanalytics%2Fdashboard%2FsalesDiagnostic&openid.identity=http%3A%2F%2Fspecs.openid.net%2Fauth%2F2.0%2Fidentifier_select&openid.assoc_handle=amzn_vc_us_v2&openid.mode=checkid_setup&intercept=false&language=en_US&openid.claimed_id=http%3A%2F%2Fspecs.openid.net%2Fauth%2F2.0%2Fidentifier_select&pageId=amzn_vc_us_auth&openid.ns=http%3A%2F%2Fspecs.openid.net%2Fauth%2F2.0
2026-05-07 02:34:25,695 [INFO] Configurando filtros para 01/05/2026...
2026-05-07 02:34:25,829 [INFO] Selects encontrados: 0
2026-05-07 02:34:25,829 [WARNING] No se encontró el selector de Time frame, intentando por texto...
2026-05-07 02:34:25,850 [INFO] Inputs de texto encontrados: 0
2026-05-07 02:34:25,851 [WARNING] No se encontró Distributor View selector
2026-05-07 02:34:25,870 [WARNING] No se encontró botón Apply
2026-05-07 02:34:26,046 [INFO] Solicitando Excel para 2026-01-05...
2026-05-07 02:34:26,066 [WARNING] No se encontró botón Excel
2026-05-07 02:34:35,515 [INFO] Navegando a Sales...
2026-05-07 02:34:41,044 [INFO] URL en Sales: https://vendorcentral.amazon.com/ap/signin?clientContext=131-7058358-4127108&openid.pape.preferred_auth_policies=SinglefactorWithPossessionChallenge&openid.return_to=https%3A%2F%2Fvendorcentral.amazon.com%2Fanalytics%2Fdashboard%2FsalesDiagnostic&openid.identity=http%3A%2F%2Fspecs.openid.net%2Fauth%2F2.0%2Fidentifier_select&openid.assoc_handle=amzn_vc_us_v2&openid.mode=checkid_setup&intercept=false&language=en_US&openid.claimed_id=http%3A%2F%2Fspecs.openid.net%2Fauth%2F2.0%2Fidentifier_select&pageId=amzn_vc_us_auth&openid.ns=http%3A%2F%2Fspecs.openid.net%2Fauth%2F2.0
2026-05-07 02:34:41,044 [INFO] Configurando filtros para 01/06/2026...
2026-05-07 02:34:41,181 [INFO] Selects encontrados: 0
2026-05-07 02:34:41,181 [WARNING] No se encontró el selector de Time frame, intentando por texto...
2026-05-07 02:34:41,207 [INFO] Inputs de texto encontrados: 0
2026-05-07 02:34:41,207 [WARNING] No se encontró Distributor View selector
2026-05-07 02:34:41,227 [WARNING] No se encontró botón Apply
2026-05-07 02:34:41,314 [INFO] Solicitando Excel para 2026-01-06...
2026-05-07 02:34:41,333 [WARNING] No se encontró botón Excel
2026-05-07 02:34:49,495 [INFO] Navegando a Sales...
2026-05-07 02:34:54,686 [INFO] URL en Sales: https://vendorcentral.amazon.com/ap/signin?clientContext=131-7058358-4127108&openid.pape.preferred_auth_policies=SinglefactorWithPossessionChallenge&openid.return_to=https%3A%2F%2Fvendorcentral.amazon.com%2Fanalytics%2Fdashboard%2FsalesDiagnostic&openid.identity=http%3A%2F%2Fspecs.openid.net%2Fauth%2F2.0%2Fidentifier_select&openid.assoc_handle=amzn_vc_us_v2&openid.mode=checkid_setup&intercept=false&language=en_US&openid.claimed_id=http%3A%2F%2Fspecs.openid.net%2Fauth%2F2.0%2Fidentifier_select&pageId=amzn_vc_us_auth&openid.ns=http%3A%2F%2Fspecs.openid.net%2Fauth%2F2.0
2026-05-07 02:34:54,687 [INFO] Configurando filtros para 01/07/2026...
2026-05-07 02:34:54,815 [INFO] Selects encontrados: 0
2026-05-07 02:34:54,815 [WARNING] No se encontró el selector de Time frame, intentando por texto...
2026-05-07 02:34:54,840 [INFO] Inputs de texto encontrados: 0
2026-05-07 02:34:54,841 [WARNING] No se encontró Distributor View selector
2026-05-07 02:34:54,858 [WARNING] No se encontró botón Apply
2026-05-07 02:34:54,967 [INFO] Solicitando Excel para 2026-01-07...
2026-05-07 02:34:54,989 [WARNING] No se encontró botón Excel
2026-05-07 02:35:08,326 [INFO] Navegando a Sales...
2026-05-07 02:35:13,850 [INFO] URL en Sales: https://vendorcentral.amazon.com/ap/signin?clientContext=131-7058358-4127108&openid.pape.preferred_auth_policies=SinglefactorWithPossessionChallenge&openid.return_to=https%3A%2F%2Fvendorcentral.amazon.com%2Fanalytics%2Fdashboard%2FsalesDiagnostic&openid.identity=http%3A%2F%2Fspecs.openid.net%2Fauth%2F2.0%2Fidentifier_select&openid.assoc_handle=amzn_vc_us_v2&openid.mode=checkid_setup&intercept=false&language=en_US&openid.claimed_id=http%3A%2F%2Fspecs.openid.net%2Fauth%2F2.0%2Fidentifier_select&pageId=amzn_vc_us_auth&openid.ns=http%3A%2F%2Fspecs.openid.net%2Fauth%2F2.0
2026-05-07 02:35:13,851 [INFO] Configurando filtros para 01/08/2026...
2026-05-07 02:35:14,072 [INFO] Selects encontrados: 0
2026-05-07 02:35:14,073 [WARNING] No se encontró el selector de Time frame, intentando por texto...
2026-05-07 02:35:14,093 [INFO] Inputs de texto encontrados: 0
2026-05-07 02:35:14,093 [WARNING] No se encontró Distributor View selector
2026-05-07 02:35:14,112 [WARNING] No se encontró botón Apply
2026-05-07 02:35:14,266 [INFO] Solicitando Excel para 2026-01-08...
2026-05-07 02:35:14,283 [WARNING] No se encontró botón Excel
2026-05-07 02:35:25,696 [INFO] Progreso: 8/124, descargados: 0
2026-05-07 02:35:25,698 [INFO] Pausa entre batches: 31s
2026-05-07 02:35:56,356 [INFO] Navegando a Sales...
2026-05-07 02:36:01,749 [INFO] URL en Sales: https://vendorcentral.amazon.com/ap/signin?clientContext=131-7058358-4127108&openid.pape.preferred_auth_policies=SinglefactorWithPossessionChallenge&openid.return_to=https%3A%2F%2Fvendorcentral.amazon.com%2Fanalytics%2Fdashboard%2FsalesDiagnostic&openid.identity=http%3A%2F%2Fspecs.openid.net%2Fauth%2F2.0%2Fidentifier_select&openid.assoc_handle=amzn_vc_us_v2&openid.mode=checkid_setup&intercept=false&language=en_US&openid.claimed_id=http%3A%2F%2Fspecs.openid.net%2Fauth%2F2.0%2Fidentifier_select&pageId=amzn_vc_us_auth&openid.ns=http%3A%2F%2Fspecs.openid.net%2Fauth%2F2.0
2026-05-07 02:36:01,749 [INFO] Configurando filtros para 01/09/2026...
2026-05-07 02:36:01,923 [INFO] Selects encontrados: 0
2026-05-07 02:36:01,924 [WARNING] No se encontró el selector de Time frame, intentando por texto...
2026-05-07 02:36:01,946 [INFO] Inputs de texto encontrados: 0
2026-05-07 02:36:01,947 [WARNING] No se encontró Distributor View selector
2026-05-07 02:36:01,961 [WARNING] No se encontró botón Apply
2026-05-07 02:36:02,144 [INFO] Solicitando Excel para 2026-01-09...
2026-05-07 02:36:02,163 [WARNING] No se encontró botón Excel
2026-05-07 02:36:10,320 [INFO] Navegando a Sales...
2026-05-07 02:36:15,635 [INFO] URL en Sales: https://vendorcentral.amazon.com/ap/signin?clientContext=131-7058358-4127108&openid.pape.preferred_auth_policies=SinglefactorWithPossessionChallenge&openid.return_to=https%3A%2F%2Fvendorcentral.amazon.com%2Fanalytics%2Fdashboard%2FsalesDiagnostic&openid.identity=http%3A%2F%2Fspecs.openid.net%2Fauth%2F2.0%2Fidentifier_select&openid.assoc_handle=amzn_vc_us_v2&openid.mode=checkid_setup&intercept=false&language=en_US&openid.claimed_id=http%3A%2F%2Fspecs.openid.net%2Fauth%2F2.0%2Fidentifier_select&pageId=amzn_vc_us_auth&openid.ns=http%3A%2F%2Fspecs.openid.net%2Fauth%2F2.0
2026-05-07 02:36:15,635 [INFO] Configurando filtros para 01/10/2026...
2026-05-07 02:36:15,870 [INFO] Selects encontrados: 0
2026-05-07 02:36:15,870 [WARNING] No se encontró el selector de Time frame, intentando por texto...
2026-05-07 02:36:15,889 [INFO] Inputs de texto encontrados: 0
2026-05-07 02:36:15,890 [WARNING] No se encontró Distributor View selector
2026-05-07 02:36:15,904 [WARNING] No se encontró botón Apply
2026-05-07 02:36:16,084 [INFO] Solicitando Excel para 2026-01-10...
2026-05-07 02:36:16,101 [WARNING] No se encontró botón Excel
2026-05-07 02:36:30,892 [INFO] Navegando a Sales...
2026-05-07 02:36:36,285 [INFO] URL en Sales: https://vendorcentral.amazon.com/ap/signin?clientContext=131-7058358-4127108&openid.pape.preferred_auth_policies=SinglefactorWithPossessionChallenge&openid.return_to=https%3A%2F%2Fvendorcentral.amazon.com%2Fanalytics%2Fdashboard%2FsalesDiagnostic&openid.identity=http%3A%2F%2Fspecs.openid.net%2Fauth%2F2.0%2Fidentifier_select&openid.assoc_handle=amzn_vc_us_v2&openid.mode=checkid_setup&intercept=false&language=en_US&openid.claimed_id=http%3A%2F%2Fspecs.openid.net%2Fauth%2F2.0%2Fidentifier_select&pageId=amzn_vc_us_auth&openid.ns=http%3A%2F%2Fspecs.openid.net%2Fauth%2F2.0
2026-05-07 02:36:36,286 [INFO] Configurando filtros para 01/11/2026...
2026-05-07 02:36:36,433 [INFO] Selects encontrados: 0
2026-05-07 02:36:36,433 [WARNING] No se encontró el selector de Time frame, intentando por texto...
2026-05-07 02:36:36,451 [INFO] Inputs de texto encontrados: 0
2026-05-07 02:36:36,451 [WARNING] No se encontró Distributor View selector
2026-05-07 02:36:36,468 [WARNING] No se encontró botón Apply
2026-05-07 02:36:36,593 [INFO] Solicitando Excel para 2026-01-11...
2026-05-07 02:36:36,628 [WARNING] No se encontró botón Excel
2026-05-07 02:36:46,159 [INFO] Navegando a Sales...
2026-05-07 02:36:51,475 [INFO] URL en Sales: https://vendorcentral.amazon.com/ap/signin?clientContext=131-7058358-4127108&openid.pape.preferred_auth_policies=SinglefactorWithPossessionChallenge&openid.return_to=https%3A%2F%2Fvendorcentral.amazon.com%2Fanalytics%2Fdashboard%2FsalesDiagnostic&openid.identity=http%3A%2F%2Fspecs.openid.net%2Fauth%2F2.0%2Fidentifier_select&openid.assoc_handle=amzn_vc_us_v2&openid.mode=checkid_setup&intercept=false&language=en_US&openid.claimed_id=http%3A%2F%2Fspecs.openid.net%2Fauth%2F2.0%2Fidentifier_select&pageId=amzn_vc_us_auth&openid.ns=http%3A%2F%2Fspecs.openid.net%2Fauth%2F2.0
2026-05-07 02:36:51,478 [INFO] Configurando filtros para 01/12/2026...
2026-05-07 02:36:51,610 [INFO] Selects encontrados: 0
2026-05-07 02:36:51,612 [WARNING] No se encontró el selector de Time frame, intentando por texto...
2026-05-07 02:36:51,631 [INFO] Inputs de texto encontrados: 0
2026-05-07 02:36:51,631 [WARNING] No se encontró Distributor View selector
2026-05-07 02:36:51,646 [WARNING] No se encontró botón Apply
2026-05-07 02:36:51,747 [INFO] Solicitando Excel para 2026-01-12...
2026-05-07 02:36:51,773 [WARNING] No se encontró botón Excel
2026-05-07 02:37:06,492 [INFO] Progreso: 12/124, descargados: 0
2026-05-07 02:37:06,492 [INFO] Pausa entre batches: 21s
2026-05-07 02:37:27,518 [INFO] Navegando a Sales...
2026-05-07 02:37:33,209 [INFO] URL en Sales: https://vendorcentral.amazon.com/ap/signin?clientContext=131-7058358-4127108&openid.pape.preferred_auth_policies=SinglefactorWithPossessionChallenge&openid.return_to=https%3A%2F%2Fvendorcentral.amazon.com%2Fanalytics%2Fdashboard%2FsalesDiagnostic&openid.identity=http%3A%2F%2Fspecs.openid.net%2Fauth%2F2.0%2Fidentifier_select&openid.assoc_handle=amzn_vc_us_v2&openid.mode=checkid_setup&intercept=false&language=en_US&openid.claimed_id=http%3A%2F%2Fspecs.openid.net%2Fauth%2F2.0%2Fidentifier_select&pageId=amzn_vc_us_auth&openid.ns=http%3A%2F%2Fspecs.openid.net%2Fauth%2F2.0
2026-05-07 02:37:33,210 [INFO] Configurando filtros para 01/13/2026...
2026-05-07 02:37:33,363 [INFO] Selects encontrados: 0
2026-05-07 02:37:33,363 [WARNING] No se encontró el selector de Time frame, intentando por texto...
2026-05-07 02:37:33,388 [INFO] Inputs de texto encontrados: 0
2026-05-07 02:37:33,388 [WARNING] No se encontró Distributor View selector
2026-05-07 02:37:33,402 [WARNING] No se encontró botón Apply
2026-05-07 02:37:33,500 [INFO] Solicitando Excel para 2026-01-13...
2026-05-07 02:37:33,529 [WARNING] No se encontró botón Excel
2026-05-07 02:37:42,065 [INFO] Navegando a Sales...
2026-05-07 02:37:47,580 [INFO] URL en Sales: https://vendorcentral.amazon.com/ap/signin?clientContext=131-7058358-4127108&openid.pape.preferred_auth_policies=SinglefactorWithPossessionChallenge&openid.return_to=https%3A%2F%2Fvendorcentral.amazon.com%2Fanalytics%2Fdashboard%2FsalesDiagnostic&openid.identity=http%3A%2F%2Fspecs.openid.net%2Fauth%2F2.0%2Fidentifier_select&openid.assoc_handle=amzn_vc_us_v2&openid.mode=checkid_setup&intercept=false&language=en_US&openid.claimed_id=http%3A%2F%2Fspecs.openid.net%2Fauth%2F2.0%2Fidentifier_select&pageId=amzn_vc_us_auth&openid.ns=http%3A%2F%2Fspecs.openid.net%2Fauth%2F2.0
2026-05-07 02:37:47,581 [INFO] Configurando filtros para 01/14/2026...
2026-05-07 02:37:47,703 [INFO] Selects encontrados: 0
2026-05-07 02:37:47,703 [WARNING] No se encontró el selector de Time frame, intentando por texto...
2026-05-07 02:37:47,727 [INFO] Inputs de texto encontrados: 0
2026-05-07 02:37:47,728 [WARNING] No se encontró Distributor View selector
2026-05-07 02:37:47,743 [WARNING] No se encontró botón Apply
2026-05-07 02:37:47,923 [INFO] Solicitando Excel para 2026-01-14...
2026-05-07 02:37:47,945 [WARNING] No se encontró botón Excel
2026-05-07 02:37:59,065 [INFO] Navegando a Sales...
2026-05-07 02:38:04,639 [INFO] URL en Sales: https://vendorcentral.amazon.com/ap/signin?clientContext=131-7058358-4127108&openid.pape.preferred_auth_policies=SinglefactorWithPossessionChallenge&openid.return_to=https%3A%2F%2Fvendorcentral.amazon.com%2Fanalytics%2Fdashboard%2FsalesDiagnostic&openid.identity=http%3A%2F%2Fspecs.openid.net%2Fauth%2F2.0%2Fidentifier_select&openid.assoc_handle=amzn_vc_us_v2&openid.mode=checkid_setup&intercept=false&language=en_US&openid.claimed_id=http%3A%2F%2Fspecs.openid.net%2Fauth%2F2.0%2Fidentifier_select&pageId=amzn_vc_us_auth&openid.ns=http%3A%2F%2Fspecs.openid.net%2Fauth%2F2.0
2026-05-07 02:38:04,640 [INFO] Configurando filtros para 01/15/2026...
2026-05-07 02:38:04,761 [INFO] Selects encontrados: 0
2026-05-07 02:38:04,761 [WARNING] No se encontró el selector de Time frame, intentando por texto...
2026-05-07 02:38:04,780 [INFO] Inputs de texto encontrados: 0
2026-05-07 02:38:04,780 [WARNING] No se encontró Distributor View selector
2026-05-07 02:38:04,796 [WARNING] No se encontró botón Apply
2026-05-07 02:38:04,909 [INFO] Solicitando Excel para 2026-01-15...
2026-05-07 02:38:04,934 [WARNING] No se encontró botón Excel
2026-05-07 02:38:14,145 [INFO] Navegando a Sales...
2026-05-07 02:38:19,473 [INFO] URL en Sales: https://vendorcentral.amazon.com/ap/signin?clientContext=131-7058358-4127108&openid.pape.preferred_auth_policies=SinglefactorWithPossessionChallenge&openid.return_to=https%3A%2F%2Fvendorcentral.amazon.com%2Fanalytics%2Fdashboard%2FsalesDiagnostic&openid.identity=http%3A%2F%2Fspecs.openid.net%2Fauth%2F2.0%2Fidentifier_select&openid.assoc_handle=amzn_vc_us_v2&openid.mode=checkid_setup&intercept=false&language=en_US&openid.claimed_id=http%3A%2F%2Fspecs.openid.net%2Fauth%2F2.0%2Fidentifier_select&pageId=amzn_vc_us_auth&openid.ns=http%3A%2F%2Fspecs.openid.net%2Fauth%2F2.0
2026-05-07 02:38:19,473 [INFO] Configurando filtros para 01/16/2026...
2026-05-07 02:38:19,653 [INFO] Selects encontrados: 0
2026-05-07 02:38:19,653 [WARNING] No se encontró el selector de Time frame, intentando por texto...
2026-05-07 02:38:19,674 [INFO] Inputs de texto encontrados: 0
2026-05-07 02:38:19,674 [WARNING] No se encontró Distributor View selector
2026-05-07 02:38:19,690 [WARNING] No se encontró botón Apply
2026-05-07 02:38:19,810 [INFO] Solicitando Excel para 2026-01-16...
2026-05-07 02:38:19,850 [WARNING] No se encontró botón Excel
2026-05-07 02:38:33,023 [INFO] Progreso: 16/124, descargados: 0
2026-05-07 02:38:33,023 [INFO] Pausa entre batches: 27s
2026-05-07 02:38:59,632 [INFO] Navegando a Sales...
2026-05-07 02:39:05,080 [INFO] URL en Sales: https://vendorcentral.amazon.com/ap/signin?clientContext=131-7058358-4127108&openid.pape.preferred_auth_policies=SinglefactorWithPossessionChallenge&openid.return_to=https%3A%2F%2Fvendorcentral.amazon.com%2Fanalytics%2Fdashboard%2FsalesDiagnostic&openid.identity=http%3A%2F%2Fspecs.openid.net%2Fauth%2F2.0%2Fidentifier_select&openid.assoc_handle=amzn_vc_us_v2&openid.mode=checkid_setup&intercept=false&language=en_US&openid.claimed_id=http%3A%2F%2Fspecs.openid.net%2Fauth%2F2.0%2Fidentifier_select&pageId=amzn_vc_us_auth&openid.ns=http%3A%2F%2Fspecs.openid.net%2Fauth%2F2.0
2026-05-07 02:39:05,080 [INFO] Configurando filtros para 01/17/2026...
2026-05-07 02:39:05,244 [INFO] Selects encontrados: 0
2026-05-07 02:39:05,244 [WARNING] No se encontró el selector de Time frame, intentando por texto...
2026-05-07 02:39:05,266 [INFO] Inputs de texto encontrados: 0
2026-05-07 02:39:05,267 [WARNING] No se encontró Distributor View selector
2026-05-07 02:39:05,283 [WARNING] No se encontró botón Apply
2026-05-07 02:39:05,463 [INFO] Solicitando Excel para 2026-01-17...
2026-05-07 02:39:05,484 [WARNING] No se encontró botón Excel
2026-05-07 02:39:15,625 [INFO] Navegando a Sales...
2026-05-07 02:39:20,904 [INFO] URL en Sales: https://vendorcentral.amazon.com/ap/signin?clientContext=131-7058358-4127108&openid.pape.preferred_auth_policies=SinglefactorWithPossessionChallenge&openid.return_to=https%3A%2F%2Fvendorcentral.amazon.com%2Fanalytics%2Fdashboard%2FsalesDiagnostic&openid.identity=http%3A%2F%2Fspecs.openid.net%2Fauth%2F2.0%2Fidentifier_select&openid.assoc_handle=amzn_vc_us_v2&openid.mode=checkid_setup&intercept=false&language=en_US&openid.claimed_id=http%3A%2F%2Fspecs.openid.net%2Fauth%2F2.0%2Fidentifier_select&pageId=amzn_vc_us_auth&openid.ns=http%3A%2F%2Fspecs.openid.net%2Fauth%2F2.0
2026-05-07 02:39:20,904 [INFO] Configurando filtros para 01/18/2026...
2026-05-07 02:39:21,004 [INFO] Selects encontrados: 0
2026-05-07 02:39:21,004 [WARNING] No se encontró el selector de Time frame, intentando por texto...
2026-05-07 02:39:21,023 [INFO] Inputs de texto encontrados: 0
2026-05-07 02:39:21,023 [WARNING] No se encontró Distributor View selector
2026-05-07 02:39:21,040 [WARNING] No se encontró botón Apply
2026-05-07 02:39:21,208 [INFO] Solicitando Excel para 2026-01-18...
2026-05-07 02:39:21,227 [WARNING] No se encontró botón Excel
2026-05-07 02:39:32,368 [INFO] Navegando a Sales...
2026-05-07 02:39:38,343 [INFO] URL en Sales: https://vendorcentral.amazon.com/ap/signin?clientContext=131-7058358-4127108&openid.pape.preferred_auth_policies=SinglefactorWithPossessionChallenge&openid.return_to=https%3A%2F%2Fvendorcentral.amazon.com%2Fanalytics%2Fdashboard%2FsalesDiagnostic&openid.identity=http%3A%2F%2Fspecs.openid.net%2Fauth%2F2.0%2Fidentifier_select&openid.assoc_handle=amzn_vc_us_v2&openid.mode=checkid_setup&intercept=false&language=en_US&openid.claimed_id=http%3A%2F%2Fspecs.openid.net%2Fauth%2F2.0%2Fidentifier_select&pageId=amzn_vc_us_auth&openid.ns=http%3A%2F%2Fspecs.openid.net%2Fauth%2F2.0
2026-05-07 02:39:38,344 [INFO] Configurando filtros para 01/19/2026...
2026-05-07 02:39:38,470 [INFO] Selects encontrados: 0
2026-05-07 02:39:38,470 [WARNING] No se encontró el selector de Time frame, intentando por texto...
2026-05-07 02:39:38,492 [INFO] Inputs de texto encontrados: 0
2026-05-07 02:39:38,493 [WARNING] No se encontró Distributor View selector
2026-05-07 02:39:38,498 [WARNING] No se encontró botón Apply
2026-05-07 02:39:38,746 [INFO] Solicitando Excel para 2026-01-19...
2026-05-07 02:39:38,765 [WARNING] No se encontró botón Excel
2026-05-07 02:39:52,213 [INFO] Navegando a Sales...
2026-05-07 02:39:57,406 [INFO] URL en Sales: https://vendorcentral.amazon.com/ap/signin?clientContext=131-7058358-4127108&openid.pape.preferred_auth_policies=SinglefactorWithPossessionChallenge&openid.return_to=https%3A%2F%2Fvendorcentral.amazon.com%2Fanalytics%2Fdashboard%2FsalesDiagnostic&openid.identity=http%3A%2F%2Fspecs.openid.net%2Fauth%2F2.0%2Fidentifier_select&openid.assoc_handle=amzn_vc_us_v2&openid.mode=checkid_setup&intercept=false&language=en_US&openid.claimed_id=http%3A%2F%2Fspecs.openid.net%2Fauth%2F2.0%2Fidentifier_select&pageId=amzn_vc_us_auth&openid.ns=http%3A%2F%2Fspecs.openid.net%2Fauth%2F2.0
2026-05-07 02:39:57,407 [INFO] Configurando filtros para 01/20/2026...
2026-05-07 02:39:57,526 [INFO] Selects encontrados: 0
2026-05-07 02:39:57,527 [WARNING] No se encontró el selector de Time frame, intentando por texto...
2026-05-07 02:39:57,551 [INFO] Inputs de texto encontrados: 0
2026-05-07 02:39:57,551 [WARNING] No se encontró Distributor View selector
2026-05-07 02:39:57,567 [WARNING] No se encontró botón Apply
2026-05-07 02:39:57,703 [INFO] Solicitando Excel para 2026-01-20...
2026-05-07 02:39:57,725 [WARNING] No se encontró botón Excel
2026-05-07 02:40:07,396 [INFO] Progreso: 20/124, descargados: 0
2026-05-07 02:40:07,396 [INFO] Pausa entre batches: 32s
2026-05-07 02:40:39,881 [INFO] Navegando a Sales...
2026-05-07 02:40:45,347 [INFO] URL en Sales: https://vendorcentral.amazon.com/ap/signin?clientContext=131-7058358-4127108&openid.pape.preferred_auth_policies=SinglefactorWithPossessionChallenge&openid.return_to=https%3A%2F%2Fvendorcentral.amazon.com%2Fanalytics%2Fdashboard%2FsalesDiagnostic&openid.identity=http%3A%2F%2Fspecs.openid.net%2Fauth%2F2.0%2Fidentifier_select&openid.assoc_handle=amzn_vc_us_v2&openid.mode=checkid_setup&intercept=false&language=en_US&openid.claimed_id=http%3A%2F%2Fspecs.openid.net%2Fauth%2F2.0%2Fidentifier_select&pageId=amzn_vc_us_auth&openid.ns=http%3A%2F%2Fspecs.openid.net%2Fauth%2F2.0
2026-05-07 02:40:45,347 [INFO] Configurando filtros para 01/21/2026...
2026-05-07 02:40:45,588 [INFO] Selects encontrados: 0
2026-05-07 02:40:45,589 [WARNING] No se encontró el selector de Time frame, intentando por texto...
2026-05-07 02:40:45,639 [INFO] Inputs de texto encontrados: 0
2026-05-07 02:40:45,640 [WARNING] No se encontró Distributor View selector
2026-05-07 02:40:45,659 [WARNING] No se encontró botón Apply
2026-05-07 02:40:45,751 [INFO] Solicitando Excel para 2026-01-21...
2026-05-07 02:40:45,770 [WARNING] No se encontró botón Excel
2026-05-07 02:40:54,868 [INFO] Navegando a Sales...
2026-05-07 02:41:01,355 [INFO] URL en Sales: https://vendorcentral.amazon.com/ap/signin?clientContext=131-7058358-4127108&openid.pape.preferred_auth_policies=SinglefactorWithPossessionChallenge&openid.return_to=https%3A%2F%2Fvendorcentral.amazon.com%2Fanalytics%2Fdashboard%2FsalesDiagnostic&openid.identity=http%3A%2F%2Fspecs.openid.net%2Fauth%2F2.0%2Fidentifier_select&openid.assoc_handle=amzn_vc_us_v2&openid.mode=checkid_setup&intercept=false&language=en_US&openid.claimed_id=http%3A%2F%2Fspecs.openid.net%2Fauth%2F2.0%2Fidentifier_select&pageId=amzn_vc_us_auth&openid.ns=http%3A%2F%2Fspecs.openid.net%2Fauth%2F2.0
2026-05-07 02:41:01,355 [INFO] Configurando filtros para 01/22/2026...
2026-05-07 02:41:01,489 [INFO] Selects encontrados: 0
2026-05-07 02:41:01,490 [WARNING] No se encontró el selector de Time frame, intentando por texto...
2026-05-07 02:41:01,514 [INFO] Inputs de texto encontrados: 0
2026-05-07 02:41:01,514 [WARNING] No se encontró Distributor View selector
2026-05-07 02:41:01,538 [WARNING] No se encontró botón Apply
2026-05-07 02:41:01,629 [INFO] Solicitando Excel para 2026-01-22...
2026-05-07 02:41:01,654 [WARNING] No se encontró botón Excel
2026-05-07 02:41:14,963 [INFO] Navegando a Sales...
2026-05-07 02:41:20,156 [INFO] URL en Sales: https://vendorcentral.amazon.com/ap/signin?clientContext=131-7058358-4127108&openid.pape.preferred_auth_policies=SinglefactorWithPossessionChallenge&openid.return_to=https%3A%2F%2Fvendorcentral.amazon.com%2Fanalytics%2Fdashboard%2FsalesDiagnostic&openid.identity=http%3A%2F%2Fspecs.openid.net%2Fauth%2F2.0%2Fidentifier_select&openid.assoc_handle=amzn_vc_us_v2&openid.mode=checkid_setup&intercept=false&language=en_US&openid.claimed_id=http%3A%2F%2Fspecs.openid.net%2Fauth%2F2.0%2Fidentifier_select&pageId=amzn_vc_us_auth&openid.ns=http%3A%2F%2Fspecs.openid.net%2Fauth%2F2.0
2026-05-07 02:41:20,159 [INFO] Configurando filtros para 01/23/2026...
2026-05-07 02:41:20,308 [INFO] Selects encontrados: 0
2026-05-07 02:41:20,308 [WARNING] No se encontró el selector de Time frame, intentando por texto...
2026-05-07 02:41:20,346 [INFO] Inputs de texto encontrados: 0
2026-05-07 02:41:20,346 [WARNING] No se encontró Distributor View selector
2026-05-07 02:41:20,365 [WARNING] No se encontró botón Apply
2026-05-07 02:41:20,479 [INFO] Solicitando Excel para 2026-01-23...
2026-05-07 02:41:20,501 [WARNING] No se encontró botón Excel
2026-05-07 02:41:32,537 [INFO] Navegando a Sales...
2026-05-07 02:41:38,470 [ERROR] Error no manejado: Page.screenshot: Target page, context or browser has been closed
Traceback (most recent call last):
  File "C:\Users\Carlos Pericon\Desktop\Amazon Scraping\main.py", line 82, in main
    download_sales_range(page, START_DATE, END_DATE)
  File "C:\Users\Carlos Pericon\Desktop\Amazon Scraping\downloader.py", line 366, in download_sales_range
    navigate_to_sales(page)
  File "C:\Users\Carlos Pericon\Desktop\Amazon Scraping\downloader.py", line 39, in navigate_to_sales
    page.screenshot(path="debug_sales_page.png")
  File "C:\Users\Carlos Pericon\Desktop\Amazon Scraping\.venv\Lib\site-packages\playwright\sync_api\_generated.py", line 10129, in screenshot
    self._sync(
  File "C:\Users\Carlos Pericon\Desktop\Amazon Scraping\.venv\Lib\site-packages\playwright\_impl\_sync_base.py", line 115, in _sync
    return task.result()
           ^^^^^^^^^^^^^
  File "C:\Users\Carlos Pericon\Desktop\Amazon Scraping\.venv\Lib\site-packages\playwright\_impl\_page.py", line 814, in screenshot
    encoded_binary = await self._channel.send(
                     ^^^^^^^^^^^^^^^^^^^^^^^^^
  File "C:\Users\Carlos Pericon\Desktop\Amazon Scraping\.venv\Lib\site-packages\playwright\_impl\_connection.py", line 69, in send
    return await self._connection.wrap_api_call(
           ^^^^^^^^^^^^^^^^^^^^^^^^^^^^^^^^^^^^^
  File "C:\Users\Carlos Pericon\Desktop\Amazon Scraping\.venv\Lib\site-packages\playwright\_impl\_connection.py", line 559, in wrap_api_call
    raise rewrite_error(error, f"{parsed_st['apiName']}: {error}") from None
playwright._impl._errors.TargetClosedError: Page.screenshot: Target page, context or browser has been closed
2026-05-07 08:38:14,491 [INFO] ============================================================
2026-05-07 08:38:14,492 [INFO] Amazon Vendor Central — Sales Scraper
2026-05-07 08:38:14,492 [INFO] Cuenta  : Honey Can Do HK Limited
2026-05-07 08:38:14,493 [INFO] Período : 2026-01-01 → 2026-05-04
2026-05-07 08:38:14,493 [INFO] ============================================================
2026-05-07 08:38:23,600 [INFO] ============================================================
2026-05-07 08:38:23,604 [INFO] PRIMERA EJECUCIÓN — LOGIN MANUAL REQUERIDO
2026-05-07 08:38:23,604 [INFO] ============================================================
2026-05-07 08:38:23,605 [INFO] 
2026-05-07 08:38:23,605 [INFO] 1. Se va a abrir el navegador con Amazon Vendor Central
2026-05-07 08:38:23,614 [INFO] 2. Iniciá sesión normalmente (email, password, OTP)
2026-05-07 08:38:23,615 [INFO] 3. Una vez que veas el dashboard, volvé aquí
2026-05-07 08:38:23,616 [INFO] 4. El script va a continuar automáticamente
2026-05-07 08:38:23,618 [INFO] 
2026-05-07 08:38:23,634 [INFO] Abriendo navegador...
2026-05-07 08:43:29,333 [ERROR] Timeout esperando login manual (5 minutos).
2026-05-07 08:43:29,339 [ERROR] No se completó el login.
2026-05-07 09:08:44,130 [INFO] ============================================================
2026-05-07 09:08:44,131 [INFO] Amazon Vendor Central — Sales Scraper
2026-05-07 09:08:44,132 [INFO] Período : 2026-01-01 → 2026-05-04
2026-05-07 09:08:44,132 [INFO] ============================================================
2026-05-07 09:08:52,480 [INFO] Cargando cookies desde cookies.json...
2026-05-07 09:08:52,510 [ERROR] Error: Expecting value: line 1 column 1 (char 0)
Traceback (most recent call last):
  File "C:\Users\Carlos Pericon\Desktop\Amazon Scraping\main.py", line 130, in main
    load_cookies(context, COOKIES_FILE)
  File "C:\Users\Carlos Pericon\Desktop\Amazon Scraping\main.py", line 31, in load_cookies
    raw = json.loads(cookies_file.read_text(encoding="utf-8"))
          ^^^^^^^^^^^^^^^^^^^^^^^^^^^^^^^^^^^^^^^^^^^^^^^^^^^^
  File "C:\Users\Carlos Pericon\AppData\Roaming\uv\python\cpython-3.11-windows-x86_64-none\Lib\json\__init__.py", line 346, in loads
    return _default_decoder.decode(s)
           ^^^^^^^^^^^^^^^^^^^^^^^^^^
  File "C:\Users\Carlos Pericon\AppData\Roaming\uv\python\cpython-3.11-windows-x86_64-none\Lib\json\decoder.py", line 337, in decode
    obj, end = self.raw_decode(s, idx=_w(s, 0).end())
               ^^^^^^^^^^^^^^^^^^^^^^^^^^^^^^^^^^^^^^
  File "C:\Users\Carlos Pericon\AppData\Roaming\uv\python\cpython-3.11-windows-x86_64-none\Lib\json\decoder.py", line 355, in raw_decode
    raise JSONDecodeError("Expecting value", s, err.value) from None
json.decoder.JSONDecodeError: Expecting value: line 1 column 1 (char 0)
2026-05-07 09:13:46,105 [INFO] ============================================================
2026-05-07 09:13:46,107 [INFO] Amazon Vendor Central — Sales Scraper
2026-05-07 09:13:46,107 [INFO] Período : 2026-01-01 → 2026-05-04
2026-05-07 09:13:46,108 [INFO] ============================================================
2026-05-07 09:13:54,302 [INFO] Cargando cookies desde cookies.json...
2026-05-07 09:13:54,328 [INFO] ✓ 26 cookies cargadas.
2026-05-07 09:13:54,330 [INFO] Verificando sesión con cookies...
2026-05-07 09:14:06,592 [INFO] URL tras cargar cookies: https://vendorcentral.amazon.com/vcnext?ref=homepage_redirect_vcnext
2026-05-07 09:14:08,928 [INFO] ✓ Sesión activa con cookies.
2026-05-07 09:14:08,930 [INFO] Navegando a Sales...
2026-05-07 09:14:24,768 [INFO] URL en Sales: https://vendorcentral.amazon.com/analytics/dashboard/salesDiagnostic
2026-05-07 09:14:24,771 [INFO] Total días: 124 (2026-01-01 → 2026-05-04)
2026-05-07 09:14:24,773 [INFO] Navegando a Sales...
2026-05-07 09:14:34,323 [INFO] URL en Sales: https://vendorcentral.amazon.com/analytics/dashboard/salesDiagnostic
2026-05-07 09:14:34,325 [INFO] Configurando filtros para 01/01/2026...
2026-05-07 09:14:34,552 [INFO] Selects encontrados: 0
2026-05-07 09:14:34,552 [WARNING] No se encontró el selector de Time frame, intentando por texto...
2026-05-07 09:14:34,615 [INFO] Inputs de texto encontrados: 0
2026-05-07 09:14:34,624 [WARNING] No se encontró Distributor View selector
2026-05-07 09:14:34,662 [WARNING] No se encontró botón Apply
2026-05-07 09:14:34,814 [INFO] Abriendo Customize Columns...
2026-05-07 09:14:34,902 [INFO] Columnas configuradas.
2026-05-07 09:14:34,902 [INFO] Configurando filtros para 01/01/2026...
2026-05-07 09:14:35,182 [INFO] Selects encontrados: 0
2026-05-07 09:14:35,182 [WARNING] No se encontró el selector de Time frame, intentando por texto...
2026-05-07 09:14:35,223 [INFO] Inputs de texto encontrados: 0
2026-05-07 09:14:35,223 [WARNING] No se encontró Distributor View selector
2026-05-07 09:14:35,252 [WARNING] No se encontró botón Apply
2026-05-07 09:14:35,412 [INFO] Solicitando Excel para 2026-01-01...
2026-05-07 09:14:35,451 [WARNING] No se encontró botón Excel
2026-05-07 09:14:45,405 [INFO] Navegando a Sales...
2026-05-07 09:14:54,133 [INFO] URL en Sales: https://vendorcentral.amazon.com/vcnext?ref=homepage_redirect_vcnext
2026-05-07 09:14:54,135 [INFO] Configurando filtros para 01/02/2026...
2026-05-07 09:14:54,319 [INFO] Selects encontrados: 0
2026-05-07 09:14:54,320 [WARNING] No se encontró el selector de Time frame, intentando por texto...
2026-05-07 09:14:54,359 [INFO] Inputs de texto encontrados: 0
2026-05-07 09:14:54,366 [WARNING] No se encontró Distributor View selector
2026-05-07 09:14:54,415 [WARNING] No se encontró botón Apply
2026-05-07 09:14:55,254 [INFO] Solicitando Excel para 2026-01-02...
2026-05-07 09:14:56,535 [WARNING] No se encontró botón Excel
2026-05-07 09:15:08,322 [INFO] Navegando a Sales...
2026-05-07 09:15:17,622 [INFO] URL en Sales: https://vendorcentral.amazon.com/analytics/dashboard/salesDiagnostic
2026-05-07 09:15:17,624 [INFO] Configurando filtros para 01/03/2026...
2026-05-07 09:15:17,846 [INFO] Selects encontrados: 0
2026-05-07 09:15:17,846 [WARNING] No se encontró el selector de Time frame, intentando por texto...
2026-05-07 09:15:17,890 [INFO] Inputs de texto encontrados: 0
2026-05-07 09:15:17,890 [WARNING] No se encontró Distributor View selector
2026-05-07 09:15:17,932 [WARNING] No se encontró botón Apply
2026-05-07 09:15:18,112 [INFO] Solicitando Excel para 2026-01-03...
2026-05-07 09:15:18,146 [WARNING] No se encontró botón Excel
2026-05-07 09:15:32,668 [INFO] Navegando a Sales...
2026-05-07 09:15:42,516 [INFO] URL en Sales: https://vendorcentral.amazon.com/analytics/dashboard/salesDiagnostic
2026-05-07 09:15:42,516 [INFO] Configurando filtros para 01/04/2026...
2026-05-07 09:15:42,775 [INFO] Selects encontrados: 0
2026-05-07 09:15:42,775 [WARNING] No se encontró el selector de Time frame, intentando por texto...
2026-05-07 09:15:42,814 [INFO] Inputs de texto encontrados: 0
2026-05-07 09:15:42,814 [WARNING] No se encontró Distributor View selector
2026-05-07 09:15:42,833 [WARNING] No se encontró botón Apply
2026-05-07 09:15:42,991 [INFO] Solicitando Excel para 2026-01-04...
2026-05-07 09:15:43,003 [WARNING] No se encontró botón Excel
2026-05-07 09:15:53,009 [INFO] Progreso: 4/124, descargados: 0
2026-05-07 09:15:53,009 [INFO] Pausa entre batches: 26s
2026-05-07 09:16:18,619 [INFO] Navegando a Sales...
2026-05-07 09:16:18,639 [ERROR] Error: Page.goto: Target page, context or browser has been closed
Traceback (most recent call last):
  File "C:\Users\Carlos Pericon\Desktop\Amazon Scraping\main.py", line 138, in main
    download_sales_range(page, START_DATE, END_DATE)
  File "C:\Users\Carlos Pericon\Desktop\Amazon Scraping\downloader.py", line 366, in download_sales_range
    navigate_to_sales(page)
  File "C:\Users\Carlos Pericon\Desktop\Amazon Scraping\downloader.py", line 36, in navigate_to_sales
    page.goto(SALES_URL, timeout=30000)
  File "C:\Users\Carlos Pericon\Desktop\Amazon Scraping\.venv\Lib\site-packages\playwright\sync_api\_generated.py", line 9362, in goto
    self._sync(
  File "C:\Users\Carlos Pericon\Desktop\Amazon Scraping\.venv\Lib\site-packages\playwright\_impl\_sync_base.py", line 115, in _sync
    return task.result()
           ^^^^^^^^^^^^^
  File "C:\Users\Carlos Pericon\Desktop\Amazon Scraping\.venv\Lib\site-packages\playwright\_impl\_page.py", line 552, in goto
    return await self._main_frame.goto(**locals_to_params(locals()))
           ^^^^^^^^^^^^^^^^^^^^^^^^^^^^^^^^^^^^^^^^^^^^^^^^^^^^^^^^^
  File "C:\Users\Carlos Pericon\Desktop\Amazon Scraping\.venv\Lib\site-packages\playwright\_impl\_frame.py", line 153, in goto
    await self._channel.send(
  File "C:\Users\Carlos Pericon\Desktop\Amazon Scraping\.venv\Lib\site-packages\playwright\_impl\_connection.py", line 69, in send
    return await self._connection.wrap_api_call(
           ^^^^^^^^^^^^^^^^^^^^^^^^^^^^^^^^^^^^^
  File "C:\Users\Carlos Pericon\Desktop\Amazon Scraping\.venv\Lib\site-packages\playwright\_impl\_connection.py", line 559, in wrap_api_call
    raise rewrite_error(error, f"{parsed_st['apiName']}: {error}") from None
playwright._impl._errors.TargetClosedError: Page.goto: Target page, context or browser has been closed
2026-05-07 09:53:58,788 [INFO] ============================================================
2026-05-07 09:53:58,856 [INFO] Amazon Vendor Central — Sales Scraper
2026-05-07 09:53:58,858 [INFO] Período : 2026-01-01 → 2026-05-04
2026-05-07 09:53:58,859 [INFO] ============================================================
2026-05-07 09:54:06,770 [INFO] Cargando cookies desde cookies.json...
2026-05-07 09:54:06,842 [INFO] ✓ 26 cookies cargadas.
2026-05-07 09:54:06,843 [INFO] Verificando sesión con cookies...
2026-05-07 09:54:17,302 [INFO] URL tras cargar cookies: https://vendorcentral.amazon.com/vcnext?ref=homepage_redirect_vcnext
2026-05-07 09:54:19,502 [INFO] ✓ Sesión activa con cookies.
2026-05-07 09:54:19,568 [INFO] Total días: 124 (2026-01-01 → 2026-05-04)
2026-05-07 09:54:19,573 [INFO] Navegando a Sales via menú...
2026-05-07 09:54:28,895 [INFO] Hamburger clickeado: button:has(svg)
2026-05-07 09:54:30,330 [INFO] URL final: https://vendorcentral.amazon.com/vcnext?ref=homepage_redirect_vcnext
2026-05-07 09:54:30,330 [INFO] Configurando filtros para 01/01/2026...
2026-05-07 09:54:30,619 [INFO] Selects en página: 0
2026-05-07 09:54:30,947 [INFO] Customize Columns → Select All...
2026-05-07 09:54:31,058 [INFO] Columnas configuradas (todas seleccionadas).
2026-05-07 09:54:31,058 [INFO] Configurando filtros para 01/01/2026...
2026-05-07 09:54:31,321 [INFO] Selects en página: 0
2026-05-07 09:54:31,631 [INFO] Solicitando Excel para 2026-01-01...
2026-05-07 09:54:31,665 [WARNING] No se encontró botón Excel.
2026-05-07 09:54:40,220 [INFO] Navegando a Sales via menú...
2026-05-07 09:54:56,419 [INFO] Hamburger clickeado: button:has(svg)
2026-05-07 09:54:57,813 [INFO] URL final: https://vendorcentral.amazon.com/vcnext?ref=homepage_redirect_vcnext
2026-05-07 09:54:57,820 [INFO] Configurando filtros para 01/02/2026...
2026-05-07 09:54:58,109 [INFO] Selects en página: 0
2026-05-07 09:54:58,393 [INFO] Solicitando Excel para 2026-01-02...
2026-05-07 09:54:58,416 [WARNING] No se encontró botón Excel.
2026-05-07 09:55:07,804 [INFO] Navegando a Sales via menú...
2026-05-07 09:55:15,564 [INFO] Hamburger clickeado: button:has(svg)
2026-05-07 09:55:16,756 [INFO] URL final: https://vendorcentral.amazon.com/vcnext?ref=homepage_redirect_vcnext
2026-05-07 09:55:16,757 [INFO] Configurando filtros para 01/03/2026...
2026-05-07 09:55:16,973 [INFO] Selects en página: 0
2026-05-07 09:55:17,264 [INFO] Solicitando Excel para 2026-01-03...
2026-05-07 09:55:17,284 [WARNING] No se encontró botón Excel.
2026-05-07 09:55:30,133 [INFO] Navegando a Sales via menú...
2026-05-07 09:55:38,352 [INFO] Hamburger clickeado: button:has(svg)
2026-05-07 09:55:39,998 [INFO] URL final: https://vendorcentral.amazon.com/vcnext?ref=homepage_redirect_vcnext
2026-05-07 09:55:39,999 [INFO] Configurando filtros para 01/04/2026...
2026-05-07 09:55:40,249 [INFO] Selects en página: 0
2026-05-07 09:55:40,799 [INFO] Solicitando Excel para 2026-01-04...
2026-05-07 09:55:40,834 [WARNING] No se encontró botón Excel.
2026-05-07 09:55:55,112 [INFO] Progreso: 4/124 | Descargados: 0
2026-05-07 09:55:55,451 [INFO] Pausa: 32s
2026-05-07 09:56:27,575 [INFO] Navegando a Sales via menú...
2026-05-07 09:56:40,912 [INFO] Hamburger clickeado: button:has(svg)
2026-05-07 09:56:42,757 [INFO] URL final: https://vendorcentral.amazon.com/vcnext?ref=homepage_redirect_vcnext
2026-05-07 09:56:42,783 [INFO] Configurando filtros para 01/05/2026...
2026-05-07 09:56:43,760 [INFO] Selects en página: 0
2026-05-07 09:56:44,196 [INFO] Solicitando Excel para 2026-01-05...
2026-05-07 09:56:44,242 [WARNING] No se encontró botón Excel.
2026-05-07 09:56:53,940 [INFO] Navegando a Sales via menú...
2026-05-07 09:57:03,818 [INFO] Hamburger clickeado: button:has(svg)
2026-05-07 09:57:06,404 [INFO] URL final: https://vendorcentral.amazon.com/vcnext?ref=homepage_redirect_vcnext
2026-05-07 09:57:06,471 [INFO] Configurando filtros para 01/06/2026...
2026-05-07 09:57:07,004 [INFO] Selects en página: 0
2026-05-07 09:57:08,109 [INFO] Solicitando Excel para 2026-01-06...
2026-05-07 09:57:08,275 [WARNING] No se encontró botón Excel.
2026-05-07 09:57:21,621 [INFO] Navegando a Sales via menú...
2026-05-07 09:57:30,390 [INFO] Hamburger clickeado: button:has(svg)
2026-05-07 09:57:32,083 [INFO] URL final: https://vendorcentral.amazon.com/vcnext?ref=homepage_redirect_vcnext
2026-05-07 09:57:32,083 [INFO] Configurando filtros para 01/07/2026...
2026-05-07 09:57:32,372 [INFO] Selects en página: 0
2026-05-07 09:57:32,638 [INFO] Solicitando Excel para 2026-01-07...
2026-05-07 09:57:32,660 [WARNING] No se encontró botón Excel.
2026-05-07 09:57:41,965 [INFO] Navegando a Sales via menú...
2026-05-07 09:57:50,546 [INFO] Hamburger clickeado: button:has(svg)
2026-05-07 09:57:52,389 [INFO] URL final: https://vendorcentral.amazon.com/vcnext?ref=homepage_redirect_vcnext
2026-05-07 09:57:52,390 [INFO] Configurando filtros para 01/08/2026...
2026-05-07 09:57:52,722 [INFO] Selects en página: 0
2026-05-07 09:57:53,030 [INFO] Solicitando Excel para 2026-01-08...
2026-05-07 09:57:53,048 [WARNING] No se encontró botón Excel.
2026-05-07 09:58:07,455 [INFO] Progreso: 8/124 | Descargados: 0
2026-05-07 09:58:07,457 [INFO] Pausa: 32s
2026-05-07 09:58:39,788 [INFO] Navegando a Sales via menú...
2026-05-07 09:58:49,011 [INFO] Hamburger clickeado: button:has(svg)
2026-05-07 09:58:49,244 [ERROR] Error: Page.screenshot: Target page, context or browser has been closed
Traceback (most recent call last):
  File "C:\Users\Carlos Pericon\Desktop\Amazon Scraping\main.py", line 138, in main
    download_sales_range(page, START_DATE, END_DATE)
  File "C:\Users\Carlos Pericon\Desktop\Amazon Scraping\downloader.py", line 380, in download_sales_range
    navigate_to_sales(page)
  File "C:\Users\Carlos Pericon\Desktop\Amazon Scraping\downloader.py", line 85, in navigate_to_sales
    page.screenshot(path="debug_after_hamburger.png")
  File "C:\Users\Carlos Pericon\Desktop\Amazon Scraping\.venv\Lib\site-packages\playwright\sync_api\_generated.py", line 10129, in screenshot
    self._sync(
  File "C:\Users\Carlos Pericon\Desktop\Amazon Scraping\.venv\Lib\site-packages\playwright\_impl\_sync_base.py", line 115, in _sync
    return task.result()
           ^^^^^^^^^^^^^
  File "C:\Users\Carlos Pericon\Desktop\Amazon Scraping\.venv\Lib\site-packages\playwright\_impl\_page.py", line 814, in screenshot
    encoded_binary = await self._channel.send(
                     ^^^^^^^^^^^^^^^^^^^^^^^^^
  File "C:\Users\Carlos Pericon\Desktop\Amazon Scraping\.venv\Lib\site-packages\playwright\_impl\_connection.py", line 69, in send
    return await self._connection.wrap_api_call(
           ^^^^^^^^^^^^^^^^^^^^^^^^^^^^^^^^^^^^^
  File "C:\Users\Carlos Pericon\Desktop\Amazon Scraping\.venv\Lib\site-packages\playwright\_impl\_connection.py", line 559, in wrap_api_call
    raise rewrite_error(error, f"{parsed_st['apiName']}: {error}") from None
playwright._impl._errors.TargetClosedError: Page.screenshot: Target page, context or browser has been closed
2026-05-07 09:59:57,716 [INFO] ============================================================
2026-05-07 09:59:57,717 [INFO] Amazon Vendor Central — Sales Scraper
2026-05-07 09:59:57,717 [INFO] Período : 2026-01-01 → 2026-05-04
2026-05-07 09:59:57,718 [INFO] ============================================================
2026-05-07 10:00:02,570 [INFO] Cargando cookies desde cookies.json...
2026-05-07 10:00:02,613 [INFO] ✓ 26 cookies cargadas.
2026-05-07 10:00:02,618 [INFO] Verificando sesión con cookies...
2026-05-07 10:00:12,794 [INFO] URL tras cargar cookies: https://vendorcentral.amazon.com/vcnext?ref=homepage_redirect_vcnext
2026-05-07 10:00:14,837 [INFO] ✓ Sesión activa con cookies.
2026-05-07 10:00:14,838 [INFO] Total: 124 días (2026-01-01 → 2026-05-04)
2026-05-07 10:00:14,841 [INFO] Navegando a Sales...
2026-05-07 10:00:43,085 [ERROR] Error: Timeout 20000ms exceeded.
Traceback (most recent call last):
  File "C:\Users\Carlos Pericon\Desktop\Amazon Scraping\main.py", line 138, in main
    download_sales_range(page, START_DATE, END_DATE)
  File "C:\Users\Carlos Pericon\Desktop\Amazon Scraping\downloader.py", line 252, in download_sales_range
    navigate_to_sales(page)
  File "C:\Users\Carlos Pericon\Desktop\Amazon Scraping\downloader.py", line 39, in navigate_to_sales
    page.wait_for_load_state("networkidle", timeout=20000)
  File "C:\Users\Carlos Pericon\Desktop\Amazon Scraping\.venv\Lib\site-packages\playwright\sync_api\_generated.py", line 9460, in wait_for_load_state
    self._sync(self._impl_obj.wait_for_load_state(state=state, timeout=timeout))
  File "C:\Users\Carlos Pericon\Desktop\Amazon Scraping\.venv\Lib\site-packages\playwright\_impl\_sync_base.py", line 115, in _sync
    return task.result()
           ^^^^^^^^^^^^^
  File "C:\Users\Carlos Pericon\Desktop\Amazon Scraping\.venv\Lib\site-packages\playwright\_impl\_page.py", line 572, in wait_for_load_state
    return await self._main_frame.wait_for_load_state(**locals_to_params(locals()))
           ^^^^^^^^^^^^^^^^^^^^^^^^^^^^^^^^^^^^^^^^^^^^^^^^^^^^^^^^^^^^^^^^^^^^^^^^
  File "C:\Users\Carlos Pericon\Desktop\Amazon Scraping\.venv\Lib\site-packages\playwright\_impl\_frame.py", line 273, in wait_for_load_state
    return await self._wait_for_load_state_impl(state, timeout)
           ^^^^^^^^^^^^^^^^^^^^^^^^^^^^^^^^^^^^^^^^^^^^^^^^^^^^
  File "C:\Users\Carlos Pericon\Desktop\Amazon Scraping\.venv\Lib\site-packages\playwright\_impl\_frame.py", line 301, in _wait_for_load_state_impl
    await waiter.result()
playwright._impl._errors.TimeoutError: Timeout 20000ms exceeded.
2026-05-07 10:06:25,899 [INFO] ============================================================
2026-05-07 10:06:25,901 [INFO] Amazon Vendor Central — Sales Scraper
2026-05-07 10:06:25,901 [INFO] Período : 2026-01-01 → 2026-05-04
2026-05-07 10:06:25,902 [INFO] ============================================================
2026-05-07 10:06:34,495 [INFO] Cargando cookies desde cookies.json...
2026-05-07 10:06:34,528 [INFO] ✓ 26 cookies cargadas.
2026-05-07 10:06:34,530 [INFO] Verificando sesión con cookies...
2026-05-07 10:06:45,572 [INFO] URL tras cargar cookies: https://vendorcentral.amazon.com/vcnext?ref=homepage_redirect_vcnext
2026-05-07 10:06:46,759 [INFO] ✓ Sesión activa con cookies.
2026-05-07 10:06:46,761 [INFO] Total: 124 días (2026-01-01 → 2026-05-04)
2026-05-07 10:06:46,761 [INFO] Cargando: https://vendorcentral.amazon.com/retail-analytics/dashboard/sales?daily-day=2026-01-01&distributorView=sourcing&programView=retail&viewBy=ASIN&timeFrame=daily
2026-05-07 10:07:19,548 [ERROR] Error: Timeout 25000ms exceeded.
Traceback (most recent call last):
  File "C:\Users\Carlos Pericon\Desktop\Amazon Scraping\main.py", line 138, in main
    download_sales_range(page, START_DATE, END_DATE)
  File "C:\Users\Carlos Pericon\Desktop\Amazon Scraping\downloader.py", line 240, in download_sales_range
    navigate_to_sales_for_date(page, target_date)
  File "C:\Users\Carlos Pericon\Desktop\Amazon Scraping\downloader.py", line 56, in navigate_to_sales_for_date
    page.wait_for_load_state("networkidle", timeout=25000)
  File "C:\Users\Carlos Pericon\Desktop\Amazon Scraping\.venv\Lib\site-packages\playwright\sync_api\_generated.py", line 9460, in wait_for_load_state
    self._sync(self._impl_obj.wait_for_load_state(state=state, timeout=timeout))
  File "C:\Users\Carlos Pericon\Desktop\Amazon Scraping\.venv\Lib\site-packages\playwright\_impl\_sync_base.py", line 115, in _sync
    return task.result()
           ^^^^^^^^^^^^^
  File "C:\Users\Carlos Pericon\Desktop\Amazon Scraping\.venv\Lib\site-packages\playwright\_impl\_page.py", line 572, in wait_for_load_state
    return await self._main_frame.wait_for_load_state(**locals_to_params(locals()))
           ^^^^^^^^^^^^^^^^^^^^^^^^^^^^^^^^^^^^^^^^^^^^^^^^^^^^^^^^^^^^^^^^^^^^^^^^
  File "C:\Users\Carlos Pericon\Desktop\Amazon Scraping\.venv\Lib\site-packages\playwright\_impl\_frame.py", line 273, in wait_for_load_state
    return await self._wait_for_load_state_impl(state, timeout)
           ^^^^^^^^^^^^^^^^^^^^^^^^^^^^^^^^^^^^^^^^^^^^^^^^^^^^
  File "C:\Users\Carlos Pericon\Desktop\Amazon Scraping\.venv\Lib\site-packages\playwright\_impl\_frame.py", line 301, in _wait_for_load_state_impl
    await waiter.result()
playwright._impl._errors.TimeoutError: Timeout 25000ms exceeded.
2026-05-07 10:13:27,482 [INFO] ============================================================
2026-05-07 10:13:27,485 [INFO] Amazon Vendor Central — Sales Scraper
2026-05-07 10:13:27,486 [INFO] Período : 2026-01-01 → 2026-05-04
2026-05-07 10:13:27,487 [INFO] ============================================================
2026-05-07 10:13:33,905 [INFO] Cargando cookies desde cookies.json...
2026-05-07 10:13:33,929 [INFO] ✓ 26 cookies cargadas.
2026-05-07 10:13:33,944 [INFO] Verificando sesión con cookies...
2026-05-07 10:13:43,902 [INFO] URL tras cargar cookies: https://vendorcentral.amazon.com/vcnext?ref=homepage_redirect_vcnext
2026-05-07 10:13:44,834 [INFO] ✓ Sesión activa con cookies.
2026-05-07 10:13:44,834 [INFO] Total: 124 días (2026-01-01 → 2026-05-04)
2026-05-07 10:13:44,834 [INFO] Navegando a Sales...
2026-05-07 10:13:56,032 [INFO] Sales cargado. URL: https://vendorcentral.amazon.com/retail-analytics/dashboard/sales
2026-05-07 10:13:56,034 [INFO] --- Filtros para 2026-01-01 ---
2026-05-07 10:14:01,070 [WARNING] Time frame error: Locator.wait_for: Timeout 5000ms exceeded.
Call log:
  - waiting for locator("select").first to be visible

2026-05-07 10:14:06,112 [WARNING] Fecha error: Locator.wait_for: Timeout 5000ms exceeded.
Call log:
  - waiting for locator("text=\"Day\"").first.locator("..").locator("..").locator("input").first to be visible

2026-05-07 10:14:06,544 [INFO] Apply clickeado, esperando tabla...
2026-05-07 10:14:08,652 [INFO] Tabla cargada.
2026-05-07 10:14:09,267 [INFO] Abriendo Customize Columns...
2026-05-07 10:14:17,283 [WARNING] Customize Columns error: Locator.wait_for: Timeout 8000ms exceeded.
Call log:
  - waiting for locator("text=/Customize Columns/i").first to be visible
    17 × locator resolved to hidden <div slot="title">Customize columns</div>

2026-05-07 10:14:17,959 [INFO] --- Filtros para 2026-01-01 ---
2026-05-07 10:14:22,981 [WARNING] Time frame error: Locator.wait_for: Timeout 5000ms exceeded.
Call log:
  - waiting for locator("select").first to be visible

2026-05-07 10:14:28,095 [WARNING] Fecha error: Locator.wait_for: Timeout 5000ms exceeded.
Call log:
  - waiting for locator("text=\"Day\"").first.locator("..").locator("..").locator("input").first to be visible

2026-05-07 10:14:58,331 [WARNING] Apply error: Locator.click: Timeout 30000ms exceeded.
Call log:
  - waiting for locator("button:has-text(\"Apply\")").first
    - locator resolved to <button disabled type="button" class="button">…</button>
  - attempting click action
    2 × waiting for element to be visible, enabled and stable
      - element is not enabled
    - retrying click action
    - waiting 20ms
    2 × waiting for element to be visible, enabled and stable
      - element is not enabled
    - retrying click action
      - waiting 100ms
    54 × waiting for element to be visible, enabled and stable
       - element is not enabled
     - retrying click action
       - waiting 500ms
    - waiting for element to be visible, enabled and stable

2026-05-07 10:14:58,899 [INFO] Click Excel para 2026-01-01...
2026-05-07 10:15:02,236 [INFO] ✓ Excel encolado para 2026-01-01.
2026-05-07 10:15:11,834 [INFO] Navegando a Sales...
2026-05-07 10:15:17,588 [INFO] Sales cargado. URL: https://vendorcentral.amazon.com/retail-analytics/dashboard/sales
2026-05-07 10:15:17,590 [INFO] --- Filtros para 2026-01-02 ---
2026-05-07 10:15:22,630 [WARNING] Time frame error: Locator.wait_for: Timeout 5000ms exceeded.
Call log:
  - waiting for locator("select").first to be visible

2026-05-07 10:15:27,685 [WARNING] Fecha error: Locator.wait_for: Timeout 5000ms exceeded.
Call log:
  - waiting for locator("text=\"Day\"").first.locator("..").locator("..").locator("input").first to be visible

2026-05-07 10:15:28,186 [INFO] Apply clickeado, esperando tabla...
2026-05-07 10:15:30,273 [INFO] Tabla cargada.
2026-05-07 10:15:31,022 [INFO] Click Excel para 2026-01-02...
2026-05-07 10:15:34,479 [INFO] ✓ Excel encolado para 2026-01-02.
2026-05-07 10:15:44,141 [INFO] Navegando a Sales...
2026-05-07 10:15:48,314 [INFO] Sales cargado. URL: https://vendorcentral.amazon.com/retail-analytics/dashboard/sales
2026-05-07 10:15:48,315 [INFO] --- Filtros para 2026-01-03 ---
2026-05-07 10:15:53,350 [WARNING] Time frame error: Locator.wait_for: Timeout 5000ms exceeded.
Call log:
  - waiting for locator("select").first to be visible

2026-05-07 10:15:58,382 [WARNING] Fecha error: Locator.wait_for: Timeout 5000ms exceeded.
Call log:
  - waiting for locator("text=\"Day\"").first.locator("..").locator("..").locator("input").first to be visible

2026-05-07 10:15:58,902 [INFO] Apply clickeado, esperando tabla...
2026-05-07 10:16:01,016 [INFO] Tabla cargada.
2026-05-07 10:16:01,480 [INFO] Click Excel para 2026-01-03...
2026-05-07 10:16:05,066 [INFO] ✓ Excel encolado para 2026-01-03.
2026-05-07 10:16:16,758 [INFO] Navegando a Sales...
2026-05-07 10:16:22,521 [INFO] Sales cargado. URL: https://vendorcentral.amazon.com/retail-analytics/dashboard/sales
2026-05-07 10:16:22,522 [INFO] --- Filtros para 2026-01-04 ---
2026-05-07 10:16:27,552 [WARNING] Time frame error: Locator.wait_for: Timeout 5000ms exceeded.
Call log:
  - waiting for locator("select").first to be visible

2026-05-07 10:16:32,627 [WARNING] Fecha error: Locator.wait_for: Timeout 5000ms exceeded.
Call log:
  - waiting for locator("text=\"Day\"").first.locator("..").locator("..").locator("input").first to be visible

2026-05-07 10:16:33,064 [INFO] Apply clickeado, esperando tabla...
2026-05-07 10:16:35,173 [INFO] Tabla cargada.
2026-05-07 10:16:35,773 [INFO] Click Excel para 2026-01-04...
2026-05-07 10:16:39,348 [INFO] ✓ Excel encolado para 2026-01-04.
2026-05-07 10:16:54,120 [INFO] Manage Downloads — 4 reporte(s) pendientes...
2026-05-07 10:17:18,479 [ERROR] Error: Timeout 20000ms exceeded.
Traceback (most recent call last):
  File "C:\Users\Carlos Pericon\Desktop\Amazon Scraping\main.py", line 138, in main
    download_sales_range(page, START_DATE, END_DATE)
  File "C:\Users\Carlos Pericon\Desktop\Amazon Scraping\downloader.py", line 304, in download_sales_range
    done = wait_and_download_reports(page, pending, OUTPUT_DIR)
           ^^^^^^^^^^^^^^^^^^^^^^^^^^^^^^^^^^^^^^^^^^^^^^^^^^^^
  File "C:\Users\Carlos Pericon\Desktop\Amazon Scraping\downloader.py", line 203, in wait_and_download_reports
    page.wait_for_load_state("networkidle", timeout=20000)
  File "C:\Users\Carlos Pericon\Desktop\Amazon Scraping\.venv\Lib\site-packages\playwright\sync_api\_generated.py", line 9460, in wait_for_load_state
    self._sync(self._impl_obj.wait_for_load_state(state=state, timeout=timeout))
  File "C:\Users\Carlos Pericon\Desktop\Amazon Scraping\.venv\Lib\site-packages\playwright\_impl\_sync_base.py", line 115, in _sync
    return task.result()
           ^^^^^^^^^^^^^
  File "C:\Users\Carlos Pericon\Desktop\Amazon Scraping\.venv\Lib\site-packages\playwright\_impl\_page.py", line 572, in wait_for_load_state
    return await self._main_frame.wait_for_load_state(**locals_to_params(locals()))
           ^^^^^^^^^^^^^^^^^^^^^^^^^^^^^^^^^^^^^^^^^^^^^^^^^^^^^^^^^^^^^^^^^^^^^^^^
  File "C:\Users\Carlos Pericon\Desktop\Amazon Scraping\.venv\Lib\site-packages\playwright\_impl\_frame.py", line 273, in wait_for_load_state
    return await self._wait_for_load_state_impl(state, timeout)
           ^^^^^^^^^^^^^^^^^^^^^^^^^^^^^^^^^^^^^^^^^^^^^^^^^^^^
  File "C:\Users\Carlos Pericon\Desktop\Amazon Scraping\.venv\Lib\site-packages\playwright\_impl\_frame.py", line 301, in _wait_for_load_state_impl
    await waiter.result()
playwright._impl._errors.TimeoutError: Timeout 20000ms exceeded.
2026-05-07 10:23:51,093 [INFO] ============================================================
2026-05-07 10:23:51,161 [INFO] Amazon Vendor Central — Sales Scraper
2026-05-07 10:23:51,164 [INFO] Período : 2026-01-01 → 2026-05-04
2026-05-07 10:23:51,166 [INFO] ============================================================
2026-05-07 10:24:06,142 [INFO] Cargando cookies desde cookies.json...
2026-05-07 10:24:06,178 [INFO] ✓ 26 cookies cargadas.
2026-05-07 10:24:06,180 [INFO] Verificando sesión con cookies...
2026-05-07 10:24:22,721 [INFO] URL tras cargar cookies: https://vendorcentral.amazon.com/vcnext?ref=homepage_redirect_vcnext
2026-05-07 10:24:35,700 [INFO] ✓ Sesión activa con cookies.
2026-05-07 10:24:35,735 [INFO] Total: 124 días (2026-01-01 → 2026-05-04)
2026-05-07 10:24:35,776 [INFO] Navegando a Sales...
2026-05-07 10:24:45,445 [INFO] Seteando filtros para 2026-01-01...
2026-05-07 10:25:15,680 [WARNING] Time frame fallback error: Locator.select_option: Timeout 30000ms exceeded.
Call log:
  - waiting for locator("select").first

2026-05-07 10:25:16,901 [WARNING] Fecha error: 'Locator' object has no attribute 'triple_click'
2026-05-07 10:25:18,650 [INFO] Apply clickeado.
2026-05-07 10:25:20,800 [INFO] Tabla cargada.
2026-05-07 10:25:21,756 [INFO] Customize Columns → Select All → Save...
2026-05-07 10:25:29,767 [WARNING] Customize Columns error: Locator.wait_for: Timeout 8000ms exceeded.
Call log:
  - waiting for locator("text=/Customize Columns/i").first to be visible
    17 × locator resolved to hidden <div slot="title">Customize columns</div>

2026-05-07 10:25:30,654 [INFO] Seteando filtros para 2026-01-01...
2026-05-07 10:26:01,223 [WARNING] Time frame fallback error: Locator.select_option: Timeout 30000ms exceeded.
Call log:
  - waiting for locator("select").first

2026-05-07 10:26:02,293 [WARNING] Fecha error: 'Locator' object has no attribute 'triple_click'
2026-05-07 10:26:32,643 [WARNING] Apply error: Locator.click: Timeout 30000ms exceeded.
Call log:
  - waiting for locator("button:has-text(\"Apply\")").first
    - locator resolved to <button disabled type="button" class="button">…</button>
  - attempting click action
    2 × waiting for element to be visible, enabled and stable
      - element is not enabled
    - retrying click action
    - waiting 20ms
    2 × waiting for element to be visible, enabled and stable
      - element is not enabled
    - retrying click action
      - waiting 100ms
    55 × waiting for element to be visible, enabled and stable
       - element is not enabled
     - retrying click action
       - waiting 500ms
    - waiting for element to be visible, enabled and stable

2026-05-07 10:26:33,213 [INFO] Click Excel para 2026-01-01...
2026-05-07 10:26:36,782 [INFO] ✓ Excel encolado.
2026-05-07 10:26:45,575 [INFO] Navegando a Sales...
2026-05-07 10:26:52,618 [INFO] Seteando filtros para 2026-01-02...
2026-05-07 10:27:22,820 [WARNING] Time frame fallback error: Locator.select_option: Timeout 30000ms exceeded.
Call log:
  - waiting for locator("select").first

2026-05-07 10:27:23,929 [WARNING] Fecha error: 'Locator' object has no attribute 'triple_click'
2026-05-07 10:27:24,447 [INFO] Apply clickeado.
2026-05-07 10:27:26,547 [INFO] Tabla cargada.
2026-05-07 10:27:26,877 [INFO] Click Excel para 2026-01-02...
2026-05-07 10:27:30,363 [INFO] ✓ Excel encolado.
2026-05-07 10:27:40,947 [INFO] Navegando a Sales...
2026-05-07 10:27:46,495 [INFO] Seteando filtros para 2026-01-03...
2026-05-07 10:28:16,710 [WARNING] Time frame fallback error: Locator.select_option: Timeout 30000ms exceeded.
Call log:
  - waiting for locator("select").first

2026-05-07 10:28:17,768 [WARNING] Fecha error: 'Locator' object has no attribute 'triple_click'
2026-05-07 10:28:18,370 [INFO] Apply clickeado.
2026-05-07 10:28:20,528 [INFO] Tabla cargada.
2026-05-07 10:28:21,269 [INFO] Click Excel para 2026-01-03...
2026-05-07 10:28:24,793 [INFO] ✓ Excel encolado.
2026-05-07 10:28:37,652 [INFO] Navegando a Sales...
2026-05-07 10:28:43,944 [INFO] Seteando filtros para 2026-01-04...
2026-05-07 10:29:14,302 [WARNING] Time frame fallback error: Locator.select_option: Timeout 30000ms exceeded.
Call log:
  - waiting for locator("select").first

2026-05-07 10:29:15,486 [WARNING] Fecha error: 'Locator' object has no attribute 'triple_click'
2026-05-07 10:29:15,956 [INFO] Apply clickeado.
2026-05-07 10:29:18,077 [INFO] Tabla cargada.
2026-05-07 10:29:18,536 [INFO] Click Excel para 2026-01-04...
2026-05-07 10:29:21,882 [INFO] ✓ Excel encolado.
2026-05-07 10:29:34,056 [INFO] Manage Downloads — 4 reporte(s)...
2026-05-07 10:29:58,468 [ERROR] Error: Timeout 20000ms exceeded.
Traceback (most recent call last):
  File "C:\Users\Carlos Pericon\Desktop\Amazon Scraping\main.py", line 138, in main
    download_sales_range(page, START_DATE, END_DATE)
  File "C:\Users\Carlos Pericon\Desktop\Amazon Scraping\downloader.py", line 294, in download_sales_range
    done = wait_and_download_reports(page, pending, OUTPUT_DIR)
           ^^^^^^^^^^^^^^^^^^^^^^^^^^^^^^^^^^^^^^^^^^^^^^^^^^^^
  File "C:\Users\Carlos Pericon\Desktop\Amazon Scraping\downloader.py", line 203, in wait_and_download_reports
    page.wait_for_load_state("networkidle", timeout=20000)
  File "C:\Users\Carlos Pericon\Desktop\Amazon Scraping\.venv\Lib\site-packages\playwright\sync_api\_generated.py", line 9460, in wait_for_load_state
    self._sync(self._impl_obj.wait_for_load_state(state=state, timeout=timeout))
  File "C:\Users\Carlos Pericon\Desktop\Amazon Scraping\.venv\Lib\site-packages\playwright\_impl\_sync_base.py", line 115, in _sync
    return task.result()
           ^^^^^^^^^^^^^
  File "C:\Users\Carlos Pericon\Desktop\Amazon Scraping\.venv\Lib\site-packages\playwright\_impl\_page.py", line 572, in wait_for_load_state
    return await self._main_frame.wait_for_load_state(**locals_to_params(locals()))
           ^^^^^^^^^^^^^^^^^^^^^^^^^^^^^^^^^^^^^^^^^^^^^^^^^^^^^^^^^^^^^^^^^^^^^^^^
  File "C:\Users\Carlos Pericon\Desktop\Amazon Scraping\.venv\Lib\site-packages\playwright\_impl\_frame.py", line 273, in wait_for_load_state
    return await self._wait_for_load_state_impl(state, timeout)
           ^^^^^^^^^^^^^^^^^^^^^^^^^^^^^^^^^^^^^^^^^^^^^^^^^^^^
  File "C:\Users\Carlos Pericon\Desktop\Amazon Scraping\.venv\Lib\site-packages\playwright\_impl\_frame.py", line 301, in _wait_for_load_state_impl
    await waiter.result()
playwright._impl._errors.TimeoutError: Timeout 20000ms exceeded.
2026-05-07 10:46:42,430 [INFO] ============================================================
2026-05-07 10:46:42,517 [INFO] Amazon Vendor Central — Sales Scraper
2026-05-07 10:46:42,567 [INFO] Período : 2026-01-01 → 2026-05-04
2026-05-07 10:46:42,594 [INFO] ============================================================
2026-05-07 10:47:00,936 [INFO] Cargando cookies desde cookies.json...
2026-05-07 10:47:00,986 [INFO] ✓ 26 cookies cargadas.
2026-05-07 10:47:00,989 [INFO] Verificando sesión con cookies...
2026-05-07 10:47:11,730 [INFO] URL tras cargar cookies: https://vendorcentral.amazon.com/vcnext?ref=homepage_redirect_vcnext
2026-05-07 10:47:14,311 [INFO] ✓ Sesión activa con cookies.
2026-05-07 10:47:14,313 [INFO] Total: 124 días (2026-01-01 → 2026-05-04)
2026-05-07 10:47:14,314 [INFO] Navegando a Sales...
2026-05-07 10:47:22,283 [INFO] --- Filtros para 2026-01-01 ---
2026-05-07 10:47:29,279 [WARNING] kat_select('Custom'→'Daily') error: Locator.wait_for: Timeout 5000ms exceeded.
Call log:
  - waiting for locator("div.standard-option-name").filter(has_text="Daily").first to be visible
    14 × locator resolved to hidden <div class="standard-option-name">…</div>

2026-05-07 10:47:30,318 [WARNING] set_date error: Locator.filter() got an unexpected keyword argument 'has_attribute'
2026-05-07 10:47:36,390 [WARNING] kat_select('Manufacturing'→'Sourcing') error: Locator.wait_for: Timeout 5000ms exceeded.
Call log:
  - waiting for locator("div.standard-option-name").filter(has_text="Sourcing").first to be visible
    14 × locator resolved to hidden <div class="standard-option-name">…</div>

2026-05-07 10:47:41,402 [WARNING] Apply error: Locator.wait_for: Timeout 5000ms exceeded.
Call log:
  - waiting for locator("button:has-text(\"Apply\"), kat-button:has-text(\"Apply\")").first to be visible
    14 × locator resolved to hidden <kat-button disabled size="base" type="button" variant="primary" id="pending-apply">…</kat-button>

2026-05-07 10:47:42,050 [INFO] Filtros aplicados.
2026-05-07 10:47:42,128 [INFO] Customize Columns → Select All → Save...
2026-05-07 10:47:50,141 [WARNING] Customize Columns error: Locator.wait_for: Timeout 8000ms exceeded.
Call log:
  - waiting for locator("text=/Customize Columns/i").first to be visible
    17 × locator resolved to hidden <div slot="title">Customize columns</div>

2026-05-07 10:47:50,570 [INFO] --- Filtros para 2026-01-01 ---
2026-05-07 10:47:56,645 [WARNING] kat_select('Custom'→'Daily') error: Locator.wait_for: Timeout 5000ms exceeded.
Call log:
  - waiting for locator("div.standard-option-name").filter(has_text="Daily").first to be visible
    14 × locator resolved to hidden <div class="standard-option-name">…</div>

2026-05-07 10:47:57,690 [WARNING] set_date error: Locator.filter() got an unexpected keyword argument 'has_attribute'
2026-05-07 10:48:03,825 [WARNING] kat_select('Manufacturing'→'Sourcing') error: Locator.wait_for: Timeout 5000ms exceeded.
Call log:
  - waiting for locator("div.standard-option-name").filter(has_text="Sourcing").first to be visible
    14 × locator resolved to hidden <div class="standard-option-name">…</div>

2026-05-07 10:48:08,842 [WARNING] Apply error: Locator.wait_for: Timeout 5000ms exceeded.
Call log:
  - waiting for locator("button:has-text(\"Apply\"), kat-button:has-text(\"Apply\")").first to be visible
    14 × locator resolved to hidden <kat-button disabled size="base" type="button" variant="primary" id="pending-apply">…</kat-button>

2026-05-07 10:48:09,284 [INFO] Filtros aplicados.
2026-05-07 10:48:09,294 [INFO] Click Excel para 2026-01-01...
2026-05-07 10:48:39,345 [ERROR] Excel error: Locator.click: Timeout 30000ms exceeded.
Call log:
  - waiting for locator("button:has-text(\"Excel\")").first
    - locator resolved to <button disabled value="xlsx" type="button" class="button">…</button>
  - attempting click action
    2 × waiting for element to be visible, enabled and stable
      - element is not enabled
    - retrying click action
    - waiting 20ms
    2 × waiting for element to be visible, enabled and stable
      - element is not enabled
    - retrying click action
      - waiting 100ms
    56 × waiting for element to be visible, enabled and stable
       - element is not enabled
     - retrying click action
       - waiting 500ms

2026-05-07 10:48:52,293 [INFO] Navegando a Sales...
2026-05-07 10:48:58,795 [INFO] --- Filtros para 2026-01-02 ---
2026-05-07 10:49:04,946 [WARNING] kat_select('Custom'→'Daily') error: Locator.wait_for: Timeout 5000ms exceeded.
Call log:
  - waiting for locator("div.standard-option-name").filter(has_text="Daily").first to be visible
    14 × locator resolved to hidden <div class="standard-option-name">…</div>

2026-05-07 10:49:05,985 [WARNING] set_date error: Locator.filter() got an unexpected keyword argument 'has_attribute'
2026-05-07 10:49:12,060 [WARNING] kat_select('Manufacturing'→'Sourcing') error: Locator.wait_for: Timeout 5000ms exceeded.
Call log:
  - waiting for locator("div.standard-option-name").filter(has_text="Sourcing").first to be visible
    14 × locator resolved to hidden <div class="standard-option-name">…</div>

2026-05-07 10:49:17,083 [WARNING] Apply error: Locator.wait_for: Timeout 5000ms exceeded.
Call log:
  - waiting for locator("button:has-text(\"Apply\"), kat-button:has-text(\"Apply\")").first to be visible
    14 × locator resolved to hidden <kat-button disabled size="base" type="button" variant="primary" id="pending-apply">…</kat-button>

2026-05-07 10:49:17,474 [INFO] Filtros aplicados.
2026-05-07 10:49:17,475 [INFO] Click Excel para 2026-01-02...
2026-05-07 10:49:47,566 [ERROR] Excel error: Locator.click: Timeout 30000ms exceeded.
Call log:
  - waiting for locator("button:has-text(\"Excel\")").first
    - locator resolved to <button disabled value="xlsx" type="button" class="button">…</button>
  - attempting click action
    2 × waiting for element to be visible, enabled and stable
      - element is not enabled
    - retrying click action
    - waiting 20ms
    2 × waiting for element to be visible, enabled and stable
      - element is not enabled
    - retrying click action
      - waiting 100ms
    56 × waiting for element to be visible, enabled and stable
       - element is not enabled
     - retrying click action
       - waiting 500ms

2026-05-07 10:49:58,573 [INFO] Navegando a Sales...
2026-05-07 10:50:04,201 [INFO] --- Filtros para 2026-01-03 ---
2026-05-07 10:50:10,413 [WARNING] kat_select('Custom'→'Daily') error: Locator.wait_for: Timeout 5000ms exceeded.
Call log:
  - waiting for locator("div.standard-option-name").filter(has_text="Daily").first to be visible
    14 × locator resolved to hidden <div class="standard-option-name">…</div>

2026-05-07 10:50:11,515 [WARNING] set_date error: Locator.filter() got an unexpected keyword argument 'has_attribute'
2026-05-07 10:50:17,659 [WARNING] kat_select('Manufacturing'→'Sourcing') error: Locator.wait_for: Timeout 5000ms exceeded.
Call log:
  - waiting for locator("div.standard-option-name").filter(has_text="Sourcing").first to be visible
    14 × locator resolved to hidden <div class="standard-option-name">…</div>

2026-05-07 10:50:22,673 [WARNING] Apply error: Locator.wait_for: Timeout 5000ms exceeded.
Call log:
  - waiting for locator("button:has-text(\"Apply\"), kat-button:has-text(\"Apply\")").first to be visible
    14 × locator resolved to hidden <kat-button disabled size="base" type="button" variant="primary" id="pending-apply">…</kat-button>

2026-05-07 10:50:23,177 [INFO] Filtros aplicados.
2026-05-07 10:50:23,205 [INFO] Click Excel para 2026-01-03...
2026-05-07 10:50:53,262 [ERROR] Excel error: Locator.click: Timeout 30000ms exceeded.
Call log:
  - waiting for locator("button:has-text(\"Excel\")").first
    - locator resolved to <button disabled value="xlsx" type="button" class="button">…</button>
  - attempting click action
    2 × waiting for element to be visible, enabled and stable
      - element is not enabled
    - retrying click action
    - waiting 20ms
    2 × waiting for element to be visible, enabled and stable
      - element is not enabled
    - retrying click action
      - waiting 100ms
    56 × waiting for element to be visible, enabled and stable
       - element is not enabled
     - retrying click action
       - waiting 500ms

2026-05-07 10:51:07,903 [INFO] Navegando a Sales...
2026-05-07 10:51:15,235 [INFO] --- Filtros para 2026-01-04 ---
2026-05-07 10:51:21,362 [WARNING] kat_select('Custom'→'Daily') error: Locator.wait_for: Timeout 5000ms exceeded.
Call log:
  - waiting for locator("div.standard-option-name").filter(has_text="Daily").first to be visible
    14 × locator resolved to hidden <div class="standard-option-name">…</div>

2026-05-07 10:51:22,447 [WARNING] set_date error: Locator.filter() got an unexpected keyword argument 'has_attribute'
2026-05-07 10:51:28,562 [WARNING] kat_select('Manufacturing'→'Sourcing') error: Locator.wait_for: Timeout 5000ms exceeded.
Call log:
  - waiting for locator("div.standard-option-name").filter(has_text="Sourcing").first to be visible
    14 × locator resolved to hidden <div class="standard-option-name">…</div>

2026-05-07 10:51:33,574 [WARNING] Apply error: Locator.wait_for: Timeout 5000ms exceeded.
Call log:
  - waiting for locator("button:has-text(\"Apply\"), kat-button:has-text(\"Apply\")").first to be visible
    13 × locator resolved to hidden <kat-button disabled size="base" type="button" variant="primary" id="pending-apply">…</kat-button>

2026-05-07 10:51:34,044 [INFO] Filtros aplicados.
2026-05-07 10:51:34,049 [INFO] Click Excel para 2026-01-04...
2026-05-07 10:52:04,177 [ERROR] Excel error: Locator.click: Timeout 30000ms exceeded.
Call log:
  - waiting for locator("button:has-text(\"Excel\")").first
    - locator resolved to <button disabled value="xlsx" type="button" class="button">…</button>
  - attempting click action
    2 × waiting for element to be visible, enabled and stable
      - element is not enabled
    - retrying click action
    - waiting 20ms
    2 × waiting for element to be visible, enabled and stable
      - element is not enabled
    - retrying click action
      - waiting 100ms
    55 × waiting for element to be visible, enabled and stable
       - element is not enabled
     - retrying click action
       - waiting 500ms

2026-05-07 10:52:13,777 [INFO] Progreso: 4/124 | Total: 0
2026-05-07 10:52:13,778 [INFO] Pausa: 22s
2026-05-07 10:52:36,142 [INFO] Navegando a Sales...
2026-05-07 10:52:42,762 [INFO] --- Filtros para 2026-01-05 ---
2026-05-07 10:52:48,908 [WARNING] kat_select('Custom'→'Daily') error: Locator.wait_for: Timeout 5000ms exceeded.
Call log:
  - waiting for locator("div.standard-option-name").filter(has_text="Daily").first to be visible
    14 × locator resolved to hidden <div class="standard-option-name">…</div>

2026-05-07 10:52:49,954 [WARNING] set_date error: Locator.filter() got an unexpected keyword argument 'has_attribute'
2026-05-07 10:52:56,031 [WARNING] kat_select('Manufacturing'→'Sourcing') error: Locator.wait_for: Timeout 5000ms exceeded.
Call log:
  - waiting for locator("div.standard-option-name").filter(has_text="Sourcing").first to be visible
    14 × locator resolved to hidden <div class="standard-option-name">…</div>

2026-05-07 10:53:01,045 [WARNING] Apply error: Locator.wait_for: Timeout 5000ms exceeded.
Call log:
  - waiting for locator("button:has-text(\"Apply\"), kat-button:has-text(\"Apply\")").first to be visible
    14 × locator resolved to hidden <kat-button disabled size="base" type="button" variant="primary" id="pending-apply">…</kat-button>

2026-05-07 10:53:01,352 [INFO] Filtros aplicados.
2026-05-07 10:53:01,357 [INFO] Click Excel para 2026-01-05...
2026-05-07 10:53:31,403 [ERROR] Excel error: Locator.click: Timeout 30000ms exceeded.
Call log:
  - waiting for locator("button:has-text(\"Excel\")").first
    - locator resolved to <button disabled value="xlsx" type="button" class="button">…</button>
  - attempting click action
    2 × waiting for element to be visible, enabled and stable
      - element is not enabled
    - retrying click action
    - waiting 20ms
    2 × waiting for element to be visible, enabled and stable
      - element is not enabled
    - retrying click action
      - waiting 100ms
    56 × waiting for element to be visible, enabled and stable
       - element is not enabled
     - retrying click action
       - waiting 500ms

2026-05-07 10:53:44,801 [INFO] Navegando a Sales...
2026-05-07 10:53:51,550 [INFO] --- Filtros para 2026-01-06 ---
2026-05-07 10:53:57,993 [WARNING] kat_select('Custom'→'Daily') error: Locator.wait_for: Timeout 5000ms exceeded.
Call log:
  - waiting for locator("div.standard-option-name").filter(has_text="Daily").first to be visible
    14 × locator resolved to hidden <div class="standard-option-name">…</div>

2026-05-07 10:53:59,066 [WARNING] set_date error: Locator.filter() got an unexpected keyword argument 'has_attribute'
2026-05-07 10:54:05,170 [WARNING] kat_select('Manufacturing'→'Sourcing') error: Locator.wait_for: Timeout 5000ms exceeded.
Call log:
  - waiting for locator("div.standard-option-name").filter(has_text="Sourcing").first to be visible
    14 × locator resolved to hidden <div class="standard-option-name">…</div>

2026-05-07 10:54:10,236 [WARNING] Apply error: Locator.wait_for: Timeout 5000ms exceeded.
Call log:
  - waiting for locator("button:has-text(\"Apply\"), kat-button:has-text(\"Apply\")").first to be visible
    13 × locator resolved to hidden <kat-button disabled size="base" type="button" variant="primary" id="pending-apply">…</kat-button>

2026-05-07 10:54:10,700 [INFO] Filtros aplicados.
2026-05-07 10:54:10,723 [INFO] Click Excel para 2026-01-06...
2026-05-07 10:54:40,864 [ERROR] Excel error: Locator.click: Timeout 30000ms exceeded.
Call log:
  - waiting for locator("button:has-text(\"Excel\")").first
    - locator resolved to <button disabled value="xlsx" type="button" class="button">…</button>
  - attempting click action
    2 × waiting for element to be visible, enabled and stable
      - element is not enabled
    - retrying click action
    - waiting 20ms
    2 × waiting for element to be visible, enabled and stable
      - element is not enabled
    - retrying click action
      - waiting 100ms
    55 × waiting for element to be visible, enabled and stable
       - element is not enabled
     - retrying click action
       - waiting 500ms

2026-05-07 10:54:55,208 [INFO] Navegando a Sales...
2026-05-07 10:55:04,160 [INFO] --- Filtros para 2026-01-07 ---
2026-05-07 10:55:10,307 [WARNING] kat_select('Custom'→'Daily') error: Locator.wait_for: Timeout 5000ms exceeded.
Call log:
  - waiting for locator("div.standard-option-name").filter(has_text="Daily").first to be visible
    14 × locator resolved to hidden <div class="standard-option-name">…</div>

2026-05-07 10:55:11,451 [WARNING] set_date error: Locator.filter() got an unexpected keyword argument 'has_attribute'
2026-05-07 10:55:17,554 [WARNING] kat_select('Manufacturing'→'Sourcing') error: Locator.wait_for: Timeout 5000ms exceeded.
Call log:
  - waiting for locator("div.standard-option-name").filter(has_text="Sourcing").first to be visible
    14 × locator resolved to hidden <div class="standard-option-name">…</div>

2026-05-07 10:55:22,563 [WARNING] Apply error: Locator.wait_for: Timeout 5000ms exceeded.
Call log:
  - waiting for locator("button:has-text(\"Apply\"), kat-button:has-text(\"Apply\")").first to be visible
    14 × locator resolved to hidden <kat-button disabled size="base" type="button" variant="primary" id="pending-apply">…</kat-button>

2026-05-07 10:55:22,946 [INFO] Filtros aplicados.
2026-05-07 10:55:22,947 [INFO] Click Excel para 2026-01-07...
2026-05-07 10:55:53,003 [ERROR] Excel error: Locator.click: Timeout 30000ms exceeded.
Call log:
  - waiting for locator("button:has-text(\"Excel\")").first
    - locator resolved to <button disabled value="xlsx" type="button" class="button">…</button>
  - attempting click action
    2 × waiting for element to be visible, enabled and stable
      - element is not enabled
    - retrying click action
    - waiting 20ms
    2 × waiting for element to be visible, enabled and stable
      - element is not enabled
    - retrying click action
      - waiting 100ms
    55 × waiting for element to be visible, enabled and stable
       - element is not enabled
     - retrying click action
       - waiting 500ms

2026-05-07 10:56:07,158 [INFO] Navegando a Sales...
2026-05-07 10:56:15,100 [INFO] --- Filtros para 2026-01-08 ---
2026-05-07 10:56:21,296 [WARNING] kat_select('Custom'→'Daily') error: Locator.wait_for: Timeout 5000ms exceeded.
Call log:
  - waiting for locator("div.standard-option-name").filter(has_text="Daily").first to be visible
    14 × locator resolved to hidden <div class="standard-option-name">…</div>

2026-05-07 10:56:22,377 [WARNING] set_date error: Locator.filter() got an unexpected keyword argument 'has_attribute'
2026-05-07 10:56:28,451 [WARNING] kat_select('Manufacturing'→'Sourcing') error: Locator.wait_for: Timeout 5000ms exceeded.
Call log:
  - waiting for locator("div.standard-option-name").filter(has_text="Sourcing").first to be visible
    14 × locator resolved to hidden <div class="standard-option-name">…</div>

2026-05-07 10:56:33,462 [WARNING] Apply error: Locator.wait_for: Timeout 5000ms exceeded.
Call log:
  - waiting for locator("button:has-text(\"Apply\"), kat-button:has-text(\"Apply\")").first to be visible
    11 × locator resolved to hidden <kat-button disabled size="base" type="button" variant="primary" id="pending-apply">…</kat-button>

2026-05-07 10:56:34,666 [INFO] Filtros aplicados.
2026-05-07 10:56:34,678 [INFO] Click Excel para 2026-01-08...
2026-05-07 10:57:04,999 [ERROR] Excel error: Locator.click: Timeout 30000ms exceeded.
Call log:
  - waiting for locator("button:has-text(\"Excel\")").first
    - locator resolved to <button disabled value="xlsx" type="button" class="button">…</button>
  - attempting click action
    2 × waiting for element to be visible, enabled and stable
      - element is not enabled
    - retrying click action
    - waiting 20ms
    2 × waiting for element to be visible, enabled and stable
      - element is not enabled
    - retrying click action
      - waiting 100ms
    51 × waiting for element to be visible, enabled and stable
       - element is not enabled
     - retrying click action
       - waiting 500ms

2026-05-07 10:57:16,920 [INFO] Progreso: 8/124 | Total: 0
2026-05-07 10:57:16,923 [INFO] Pausa: 34s
2026-05-07 10:57:50,823 [INFO] Navegando a Sales...
2026-05-07 10:57:58,033 [INFO] --- Filtros para 2026-01-09 ---
2026-05-07 10:58:04,112 [WARNING] kat_select('Custom'→'Daily') error: Locator.wait_for: Timeout 5000ms exceeded.
Call log:
  - waiting for locator("div.standard-option-name").filter(has_text="Daily").first to be visible
    14 × locator resolved to hidden <div class="standard-option-name">…</div>

2026-05-07 10:58:05,244 [WARNING] set_date error: Locator.filter() got an unexpected keyword argument 'has_attribute'
2026-05-07 10:58:11,340 [WARNING] kat_select('Manufacturing'→'Sourcing') error: Locator.wait_for: Timeout 5000ms exceeded.
Call log:
  - waiting for locator("div.standard-option-name").filter(has_text="Sourcing").first to be visible
    13 × locator resolved to hidden <div class="standard-option-name">…</div>

2026-05-07 10:58:16,379 [WARNING] Apply error: Locator.wait_for: Timeout 5000ms exceeded.
Call log:
  - waiting for locator("button:has-text(\"Apply\"), kat-button:has-text(\"Apply\")").first to be visible
    14 × locator resolved to hidden <kat-button disabled size="base" type="button" variant="primary" id="pending-apply">…</kat-button>

2026-05-07 10:58:16,791 [INFO] Filtros aplicados.
2026-05-07 10:58:16,792 [INFO] Click Excel para 2026-01-09...
2026-05-07 10:58:46,845 [ERROR] Excel error: Locator.click: Timeout 30000ms exceeded.
Call log:
  - waiting for locator("button:has-text(\"Excel\")").first
    - locator resolved to <button disabled value="xlsx" type="button" class="button">…</button>
  - attempting click action
    2 × waiting for element to be visible, enabled and stable
      - element is not enabled
    - retrying click action
    - waiting 20ms
    2 × waiting for element to be visible, enabled and stable
      - element is not enabled
    - retrying click action
      - waiting 100ms
    54 × waiting for element to be visible, enabled and stable
       - element is not enabled
     - retrying click action
       - waiting 500ms

2026-05-07 10:58:57,617 [INFO] Navegando a Sales...
2026-05-07 10:59:04,618 [INFO] --- Filtros para 2026-01-10 ---
2026-05-07 10:59:10,801 [WARNING] kat_select('Custom'→'Daily') error: Locator.wait_for: Timeout 5000ms exceeded.
Call log:
  - waiting for locator("div.standard-option-name").filter(has_text="Daily").first to be visible
    13 × locator resolved to hidden <div class="standard-option-name">…</div>

2026-05-07 10:59:11,862 [WARNING] set_date error: Locator.filter() got an unexpected keyword argument 'has_attribute'
2026-05-07 10:59:17,958 [WARNING] kat_select('Manufacturing'→'Sourcing') error: Locator.wait_for: Timeout 5000ms exceeded.
Call log:
  - waiting for locator("div.standard-option-name").filter(has_text="Sourcing").first to be visible
    14 × locator resolved to hidden <div class="standard-option-name">…</div>

2026-05-07 10:59:22,985 [WARNING] Apply error: Locator.wait_for: Timeout 5000ms exceeded.
Call log:
  - waiting for locator("button:has-text(\"Apply\"), kat-button:has-text(\"Apply\")").first to be visible
    14 × locator resolved to hidden <kat-button disabled size="base" type="button" variant="primary" id="pending-apply">…</kat-button>

2026-05-07 10:59:23,542 [INFO] Filtros aplicados.
2026-05-07 10:59:23,543 [INFO] Click Excel para 2026-01-10...
2026-05-07 10:59:53,611 [ERROR] Excel error: Locator.click: Timeout 30000ms exceeded.
Call log:
  - waiting for locator("button:has-text(\"Excel\")").first
    - locator resolved to <button disabled value="xlsx" type="button" class="button">…</button>
  - attempting click action
    2 × waiting for element to be visible, enabled and stable
      - element is not enabled
    - retrying click action
    - waiting 20ms
    2 × waiting for element to be visible, enabled and stable
      - element is not enabled
    - retrying click action
      - waiting 100ms
    55 × waiting for element to be visible, enabled and stable
       - element is not enabled
     - retrying click action
       - waiting 500ms

2026-05-07 11:00:07,347 [INFO] Navegando a Sales...
2026-05-07 11:00:13,962 [INFO] --- Filtros para 2026-01-11 ---
2026-05-07 11:00:20,124 [WARNING] kat_select('Custom'→'Daily') error: Locator.wait_for: Timeout 5000ms exceeded.
Call log:
  - waiting for locator("div.standard-option-name").filter(has_text="Daily").first to be visible
    14 × locator resolved to hidden <div class="standard-option-name">…</div>

2026-05-07 11:00:21,206 [WARNING] set_date error: Locator.filter() got an unexpected keyword argument 'has_attribute'
2026-05-07 11:00:27,335 [WARNING] kat_select('Manufacturing'→'Sourcing') error: Locator.wait_for: Timeout 5000ms exceeded.
Call log:
  - waiting for locator("div.standard-option-name").filter(has_text="Sourcing").first to be visible
    14 × locator resolved to hidden <div class="standard-option-name">…</div>

2026-05-07 11:00:32,345 [WARNING] Apply error: Locator.wait_for: Timeout 5000ms exceeded.
Call log:
  - waiting for locator("button:has-text(\"Apply\"), kat-button:has-text(\"Apply\")").first to be visible
    14 × locator resolved to hidden <kat-button disabled size="base" type="button" variant="primary" id="pending-apply">…</kat-button>

2026-05-07 11:00:32,775 [INFO] Filtros aplicados.
2026-05-07 11:00:32,781 [INFO] Click Excel para 2026-01-11...
2026-05-07 11:01:02,881 [ERROR] Excel error: Locator.click: Timeout 30000ms exceeded.
Call log:
  - waiting for locator("button:has-text(\"Excel\")").first
    - locator resolved to <button disabled value="xlsx" type="button" class="button">…</button>
  - attempting click action
    2 × waiting for element to be visible, enabled and stable
      - element is not enabled
    - retrying click action
    - waiting 20ms
    2 × waiting for element to be visible, enabled and stable
      - element is not enabled
    - retrying click action
      - waiting 100ms
    55 × waiting for element to be visible, enabled and stable
       - element is not enabled
     - retrying click action
       - waiting 500ms

2026-05-07 11:01:15,946 [INFO] Navegando a Sales...
2026-05-07 11:01:23,289 [INFO] --- Filtros para 2026-01-12 ---
2026-05-07 11:01:29,433 [WARNING] kat_select('Custom'→'Daily') error: Locator.wait_for: Timeout 5000ms exceeded.
Call log:
  - waiting for locator("div.standard-option-name").filter(has_text="Daily").first to be visible
    14 × locator resolved to hidden <div class="standard-option-name">…</div>

2026-05-07 11:01:30,502 [WARNING] set_date error: Locator.filter() got an unexpected keyword argument 'has_attribute'
2026-05-07 11:01:36,639 [WARNING] kat_select('Manufacturing'→'Sourcing') error: Locator.wait_for: Timeout 5000ms exceeded.
Call log:
  - waiting for locator("div.standard-option-name").filter(has_text="Sourcing").first to be visible
    13 × locator resolved to hidden <div class="standard-option-name">…</div>

2026-05-07 11:01:41,675 [WARNING] Apply error: Locator.wait_for: Timeout 5000ms exceeded.
Call log:
  - waiting for locator("button:has-text(\"Apply\"), kat-button:has-text(\"Apply\")").first to be visible
    14 × locator resolved to hidden <kat-button disabled size="base" type="button" variant="primary" id="pending-apply">…</kat-button>

2026-05-07 11:01:42,055 [INFO] Filtros aplicados.
2026-05-07 11:01:42,056 [INFO] Click Excel para 2026-01-12...
2026-05-07 11:02:12,121 [ERROR] Excel error: Locator.click: Timeout 30000ms exceeded.
Call log:
  - waiting for locator("button:has-text(\"Excel\")").first
    - locator resolved to <button disabled value="xlsx" type="button" class="button">…</button>
  - attempting click action
    2 × waiting for element to be visible, enabled and stable
      - element is not enabled
    - retrying click action
    - waiting 20ms
    2 × waiting for element to be visible, enabled and stable
      - element is not enabled
    - retrying click action
      - waiting 100ms
    55 × waiting for element to be visible, enabled and stable
       - element is not enabled
     - retrying click action
       - waiting 500ms

2026-05-07 11:02:27,428 [INFO] Progreso: 12/124 | Total: 0
2026-05-07 11:02:27,430 [INFO] Pausa: 22s
2026-05-07 11:02:49,129 [INFO] Navegando a Sales...
2026-05-07 11:02:56,187 [INFO] --- Filtros para 2026-01-13 ---
2026-05-07 11:03:02,362 [WARNING] kat_select('Custom'→'Daily') error: Locator.wait_for: Timeout 5000ms exceeded.
Call log:
  - waiting for locator("div.standard-option-name").filter(has_text="Daily").first to be visible
    14 × locator resolved to hidden <div class="standard-option-name">…</div>

2026-05-07 11:03:03,455 [WARNING] set_date error: Locator.filter() got an unexpected keyword argument 'has_attribute'
2026-05-07 11:03:09,563 [WARNING] kat_select('Manufacturing'→'Sourcing') error: Locator.wait_for: Timeout 5000ms exceeded.
Call log:
  - waiting for locator("div.standard-option-name").filter(has_text="Sourcing").first to be visible
    14 × locator resolved to hidden <div class="standard-option-name">…</div>

2026-05-07 11:03:14,576 [WARNING] Apply error: Locator.wait_for: Timeout 5000ms exceeded.
Call log:
  - waiting for locator("button:has-text(\"Apply\"), kat-button:has-text(\"Apply\")").first to be visible
    13 × locator resolved to hidden <kat-button disabled size="base" type="button" variant="primary" id="pending-apply">…</kat-button>

2026-05-07 11:03:15,106 [INFO] Filtros aplicados.
2026-05-07 11:03:15,106 [INFO] Click Excel para 2026-01-13...
2026-05-07 11:03:45,181 [ERROR] Excel error: Locator.click: Timeout 30000ms exceeded.
Call log:
  - waiting for locator("button:has-text(\"Excel\")").first
    - locator resolved to <button disabled value="xlsx" type="button" class="button">…</button>
  - attempting click action
    2 × waiting for element to be visible, enabled and stable
      - element is not enabled
    - retrying click action
    - waiting 20ms
    2 × waiting for element to be visible, enabled and stable
      - element is not enabled
    - retrying click action
      - waiting 100ms
    55 × waiting for element to be visible, enabled and stable
       - element is not enabled
     - retrying click action
       - waiting 500ms

2026-05-07 11:03:59,262 [INFO] Navegando a Sales...
2026-05-07 11:04:06,191 [INFO] --- Filtros para 2026-01-14 ---
2026-05-07 11:04:12,360 [WARNING] kat_select('Custom'→'Daily') error: Locator.wait_for: Timeout 5000ms exceeded.
Call log:
  - waiting for locator("div.standard-option-name").filter(has_text="Daily").first to be visible
    14 × locator resolved to hidden <div class="standard-option-name">…</div>

2026-05-07 11:04:13,401 [WARNING] set_date error: Locator.filter() got an unexpected keyword argument 'has_attribute'
2026-05-07 11:04:19,503 [WARNING] kat_select('Manufacturing'→'Sourcing') error: Locator.wait_for: Timeout 5000ms exceeded.
Call log:
  - waiting for locator("div.standard-option-name").filter(has_text="Sourcing").first to be visible
    14 × locator resolved to hidden <div class="standard-option-name">…</div>

2026-05-07 11:04:24,518 [WARNING] Apply error: Locator.wait_for: Timeout 5000ms exceeded.
Call log:
  - waiting for locator("button:has-text(\"Apply\"), kat-button:has-text(\"Apply\")").first to be visible
    13 × locator resolved to hidden <kat-button disabled size="base" type="button" variant="primary" id="pending-apply">…</kat-button>

2026-05-07 11:04:25,016 [INFO] Filtros aplicados.
2026-05-07 11:04:25,018 [INFO] Click Excel para 2026-01-14...
2026-05-07 11:04:55,165 [ERROR] Excel error: Locator.click: Timeout 30000ms exceeded.
Call log:
  - waiting for locator("button:has-text(\"Excel\")").first
    - locator resolved to <button disabled value="xlsx" type="button" class="button">…</button>
  - attempting click action
    2 × waiting for element to be visible, enabled and stable
      - element is not enabled
    - retrying click action
    - waiting 20ms
    2 × waiting for element to be visible, enabled and stable
      - element is not enabled
    - retrying click action
      - waiting 100ms
    55 × waiting for element to be visible, enabled and stable
       - element is not enabled
     - retrying click action
       - waiting 500ms

2026-05-07 11:05:08,612 [INFO] Navegando a Sales...
2026-05-07 11:05:15,998 [INFO] --- Filtros para 2026-01-15 ---
2026-05-07 11:05:22,083 [WARNING] kat_select('Custom'→'Daily') error: Locator.wait_for: Timeout 5000ms exceeded.
Call log:
  - waiting for locator("div.standard-option-name").filter(has_text="Daily").first to be visible
    14 × locator resolved to hidden <div class="standard-option-name">…</div>

2026-05-07 11:05:23,116 [WARNING] set_date error: Locator.filter() got an unexpected keyword argument 'has_attribute'
2026-05-07 11:05:29,191 [WARNING] kat_select('Manufacturing'→'Sourcing') error: Locator.wait_for: Timeout 5000ms exceeded.
Call log:
  - waiting for locator("div.standard-option-name").filter(has_text="Sourcing").first to be visible
    14 × locator resolved to hidden <div class="standard-option-name">…</div>

2026-05-07 11:05:34,206 [WARNING] Apply error: Locator.wait_for: Timeout 5000ms exceeded.
Call log:
  - waiting for locator("button:has-text(\"Apply\"), kat-button:has-text(\"Apply\")").first to be visible
    13 × locator resolved to hidden <kat-button disabled size="base" type="button" variant="primary" id="pending-apply">…</kat-button>

2026-05-07 11:05:34,657 [INFO] Filtros aplicados.
2026-05-07 11:05:34,660 [INFO] Click Excel para 2026-01-15...
2026-05-07 11:06:04,724 [ERROR] Excel error: Locator.click: Timeout 30000ms exceeded.
Call log:
  - waiting for locator("button:has-text(\"Excel\")").first
    - locator resolved to <button disabled value="xlsx" type="button" class="button">…</button>
  - attempting click action
    2 × waiting for element to be visible, enabled and stable
      - element is not enabled
    - retrying click action
    - waiting 20ms
    2 × waiting for element to be visible, enabled and stable
      - element is not enabled
    - retrying click action
      - waiting 100ms
    55 × waiting for element to be visible, enabled and stable
       - element is not enabled
     - retrying click action
       - waiting 500ms

2026-05-07 11:06:19,708 [INFO] Navegando a Sales...
2026-05-07 11:06:24,213 [INFO] --- Filtros para 2026-01-16 ---
2026-05-07 11:06:30,479 [WARNING] kat_select('Custom'→'Daily') error: Locator.wait_for: Timeout 5000ms exceeded.
Call log:
  - waiting for locator("div.standard-option-name").filter(has_text="Daily").first to be visible
    14 × locator resolved to hidden <div class="standard-option-name">…</div>

2026-05-07 11:06:31,589 [WARNING] set_date error: Locator.filter() got an unexpected keyword argument 'has_attribute'
2026-05-07 11:06:37,664 [WARNING] kat_select('Manufacturing'→'Sourcing') error: Locator.wait_for: Timeout 5000ms exceeded.
Call log:
  - waiting for locator("div.standard-option-name").filter(has_text="Sourcing").first to be visible
    14 × locator resolved to hidden <div class="standard-option-name">…</div>

2026-05-07 11:06:42,675 [WARNING] Apply error: Locator.wait_for: Timeout 5000ms exceeded.
Call log:
  - waiting for locator("button:has-text(\"Apply\"), kat-button:has-text(\"Apply\")").first to be visible
    14 × locator resolved to hidden <kat-button disabled size="base" type="button" variant="primary" id="pending-apply">…</kat-button>

2026-05-07 11:06:43,262 [INFO] Filtros aplicados.
2026-05-07 11:06:43,262 [INFO] Click Excel para 2026-01-16...
2026-05-07 11:07:13,418 [ERROR] Excel error: Locator.click: Timeout 30000ms exceeded.
Call log:
  - waiting for locator("button:has-text(\"Excel\")").first
    - locator resolved to <button disabled value="xlsx" type="button" class="button">…</button>
  - attempting click action
    2 × waiting for element to be visible, enabled and stable
      - element is not enabled
    - retrying click action
    - waiting 20ms
    2 × waiting for element to be visible, enabled and stable
      - element is not enabled
    - retrying click action
      - waiting 100ms
    56 × waiting for element to be visible, enabled and stable
       - element is not enabled
     - retrying click action
       - waiting 500ms

2026-05-07 11:07:24,617 [INFO] Progreso: 16/124 | Total: 0
2026-05-07 11:07:24,619 [INFO] Pausa: 31s
2026-05-07 11:07:55,636 [INFO] Navegando a Sales...
2026-05-07 11:08:01,097 [INFO] --- Filtros para 2026-01-17 ---
2026-05-07 11:08:07,285 [WARNING] kat_select('Custom'→'Daily') error: Locator.wait_for: Timeout 5000ms exceeded.
Call log:
  - waiting for locator("div.standard-option-name").filter(has_text="Daily").first to be visible
    14 × locator resolved to hidden <div class="standard-option-name">…</div>

2026-05-07 11:08:08,374 [WARNING] set_date error: Locator.filter() got an unexpected keyword argument 'has_attribute'
2026-05-07 11:08:14,440 [WARNING] kat_select('Manufacturing'→'Sourcing') error: Locator.wait_for: Timeout 5000ms exceeded.
Call log:
  - waiting for locator("div.standard-option-name").filter(has_text="Sourcing").first to be visible
    14 × locator resolved to hidden <div class="standard-option-name">…</div>

2026-05-07 11:08:19,460 [WARNING] Apply error: Locator.wait_for: Timeout 5000ms exceeded.
Call log:
  - waiting for locator("button:has-text(\"Apply\"), kat-button:has-text(\"Apply\")").first to be visible
    14 × locator resolved to hidden <kat-button disabled size="base" type="button" variant="primary" id="pending-apply">…</kat-button>

2026-05-07 11:08:19,873 [INFO] Filtros aplicados.
2026-05-07 11:08:19,875 [INFO] Click Excel para 2026-01-17...
2026-05-07 11:08:49,923 [ERROR] Excel error: Locator.click: Timeout 30000ms exceeded.
Call log:
  - waiting for locator("button:has-text(\"Excel\")").first
    - locator resolved to <button disabled value="xlsx" type="button" class="button">…</button>
  - attempting click action
    2 × waiting for element to be visible, enabled and stable
      - element is not enabled
    - retrying click action
    - waiting 20ms
    2 × waiting for element to be visible, enabled and stable
      - element is not enabled
    - retrying click action
      - waiting 100ms
    56 × waiting for element to be visible, enabled and stable
       - element is not enabled
     - retrying click action
       - waiting 500ms

2026-05-07 11:08:59,445 [INFO] Navegando a Sales...
2026-05-07 11:09:06,609 [INFO] --- Filtros para 2026-01-18 ---
2026-05-07 11:09:12,696 [WARNING] kat_select('Custom'→'Daily') error: Locator.wait_for: Timeout 5000ms exceeded.
Call log:
  - waiting for locator("div.standard-option-name").filter(has_text="Daily").first to be visible
    13 × locator resolved to hidden <div class="standard-option-name">…</div>

2026-05-07 11:09:13,734 [WARNING] set_date error: Locator.filter() got an unexpected keyword argument 'has_attribute'
2026-05-07 11:09:19,797 [WARNING] kat_select('Manufacturing'→'Sourcing') error: Locator.wait_for: Timeout 5000ms exceeded.
Call log:
  - waiting for locator("div.standard-option-name").filter(has_text="Sourcing").first to be visible
    14 × locator resolved to hidden <div class="standard-option-name">…</div>

2026-05-07 11:09:24,817 [WARNING] Apply error: Locator.wait_for: Timeout 5000ms exceeded.
Call log:
  - waiting for locator("button:has-text(\"Apply\"), kat-button:has-text(\"Apply\")").first to be visible
    14 × locator resolved to hidden <kat-button disabled size="base" type="button" variant="primary" id="pending-apply">…</kat-button>

2026-05-07 11:09:25,454 [INFO] Filtros aplicados.
2026-05-07 11:09:25,455 [INFO] Click Excel para 2026-01-18...
2026-05-07 11:09:55,495 [ERROR] Excel error: Locator.click: Timeout 30000ms exceeded.
Call log:
  - waiting for locator("button:has-text(\"Excel\")").first
    - locator resolved to <button disabled value="xlsx" type="button" class="button">…</button>
  - attempting click action
    2 × waiting for element to be visible, enabled and stable
      - element is not enabled
    - retrying click action
    - waiting 20ms
    2 × waiting for element to be visible, enabled and stable
      - element is not enabled
    - retrying click action
      - waiting 100ms
    55 × waiting for element to be visible, enabled and stable
       - element is not enabled
     - retrying click action
       - waiting 500ms

2026-05-07 11:10:10,531 [INFO] Navegando a Sales...
2026-05-07 11:10:16,213 [INFO] --- Filtros para 2026-01-19 ---
2026-05-07 11:10:22,451 [WARNING] kat_select('Custom'→'Daily') error: Locator.wait_for: Timeout 5000ms exceeded.
Call log:
  - waiting for locator("div.standard-option-name").filter(has_text="Daily").first to be visible
    14 × locator resolved to hidden <div class="standard-option-name">…</div>

2026-05-07 11:10:23,514 [WARNING] set_date error: Locator.filter() got an unexpected keyword argument 'has_attribute'
2026-05-07 11:10:29,570 [WARNING] kat_select('Manufacturing'→'Sourcing') error: Locator.wait_for: Timeout 5000ms exceeded.
Call log:
  - waiting for locator("div.standard-option-name").filter(has_text="Sourcing").first to be visible
    14 × locator resolved to hidden <div class="standard-option-name">…</div>

2026-05-07 11:10:34,584 [WARNING] Apply error: Locator.wait_for: Timeout 5000ms exceeded.
Call log:
  - waiting for locator("button:has-text(\"Apply\"), kat-button:has-text(\"Apply\")").first to be visible
    14 × locator resolved to hidden <kat-button disabled size="base" type="button" variant="primary" id="pending-apply">…</kat-button>

2026-05-07 11:10:34,911 [INFO] Filtros aplicados.
2026-05-07 11:10:34,912 [INFO] Click Excel para 2026-01-19...
2026-05-07 11:11:04,978 [ERROR] Excel error: Locator.click: Timeout 30000ms exceeded.
Call log:
  - waiting for locator("button:has-text(\"Excel\")").first
    - locator resolved to <button disabled value="xlsx" type="button" class="button">…</button>
  - attempting click action
    2 × waiting for element to be visible, enabled and stable
      - element is not enabled
    - retrying click action
    - waiting 20ms
    2 × waiting for element to be visible, enabled and stable
      - element is not enabled
    - retrying click action
      - waiting 100ms
    56 × waiting for element to be visible, enabled and stable
       - element is not enabled
     - retrying click action
       - waiting 500ms

2026-05-07 11:11:18,679 [INFO] Navegando a Sales...
2026-05-07 11:11:24,733 [INFO] --- Filtros para 2026-01-20 ---
2026-05-07 11:11:30,844 [WARNING] kat_select('Custom'→'Daily') error: Locator.wait_for: Timeout 5000ms exceeded.
Call log:
  - waiting for locator("div.standard-option-name").filter(has_text="Daily").first to be visible
    14 × locator resolved to hidden <div class="standard-option-name">…</div>

2026-05-07 11:11:31,924 [WARNING] set_date error: Locator.filter() got an unexpected keyword argument 'has_attribute'
2026-05-07 11:11:38,017 [WARNING] kat_select('Manufacturing'→'Sourcing') error: Locator.wait_for: Timeout 5000ms exceeded.
Call log:
  - waiting for locator("div.standard-option-name").filter(has_text="Sourcing").first to be visible
    14 × locator resolved to hidden <div class="standard-option-name">…</div>

2026-05-07 11:11:43,042 [WARNING] Apply error: Locator.wait_for: Timeout 5000ms exceeded.
Call log:
  - waiting for locator("button:has-text(\"Apply\"), kat-button:has-text(\"Apply\")").first to be visible
    14 × locator resolved to hidden <kat-button disabled size="base" type="button" variant="primary" id="pending-apply">…</kat-button>

2026-05-07 11:11:43,387 [INFO] Filtros aplicados.
2026-05-07 11:11:43,387 [INFO] Click Excel para 2026-01-20...
2026-05-07 11:12:13,426 [ERROR] Excel error: Locator.click: Timeout 30000ms exceeded.
Call log:
  - waiting for locator("button:has-text(\"Excel\")").first
    - locator resolved to <button disabled value="xlsx" type="button" class="button">…</button>
  - attempting click action
    2 × waiting for element to be visible, enabled and stable
      - element is not enabled
    - retrying click action
    - waiting 20ms
    2 × waiting for element to be visible, enabled and stable
      - element is not enabled
    - retrying click action
      - waiting 100ms
    56 × waiting for element to be visible, enabled and stable
       - element is not enabled
     - retrying click action
       - waiting 500ms

2026-05-07 11:12:23,860 [INFO] Progreso: 20/124 | Total: 0
2026-05-07 11:12:23,861 [INFO] Pausa: 34s
2026-05-07 11:12:57,849 [INFO] Navegando a Sales...
2026-05-07 11:13:03,515 [INFO] --- Filtros para 2026-01-21 ---
2026-05-07 11:13:09,682 [WARNING] kat_select('Custom'→'Daily') error: Locator.wait_for: Timeout 5000ms exceeded.
Call log:
  - waiting for locator("div.standard-option-name").filter(has_text="Daily").first to be visible
    14 × locator resolved to hidden <div class="standard-option-name">…</div>

2026-05-07 11:13:10,787 [WARNING] set_date error: Locator.filter() got an unexpected keyword argument 'has_attribute'
2026-05-07 11:13:16,915 [WARNING] kat_select('Manufacturing'→'Sourcing') error: Locator.wait_for: Timeout 5000ms exceeded.
Call log:
  - waiting for locator("div.standard-option-name").filter(has_text="Sourcing").first to be visible
    14 × locator resolved to hidden <div class="standard-option-name">…</div>

2026-05-07 11:13:21,934 [WARNING] Apply error: Locator.wait_for: Timeout 5000ms exceeded.
Call log:
  - waiting for locator("button:has-text(\"Apply\"), kat-button:has-text(\"Apply\")").first to be visible
    14 × locator resolved to hidden <kat-button disabled size="base" type="button" variant="primary" id="pending-apply">…</kat-button>

2026-05-07 11:13:22,362 [INFO] Filtros aplicados.
2026-05-07 11:13:22,362 [INFO] Click Excel para 2026-01-21...
2026-05-07 11:13:52,397 [ERROR] Excel error: Locator.click: Timeout 30000ms exceeded.
Call log:
  - waiting for locator("button:has-text(\"Excel\")").first
    - locator resolved to <button disabled value="xlsx" type="button" class="button">…</button>
  - attempting click action
    2 × waiting for element to be visible, enabled and stable
      - element is not enabled
    - retrying click action
    - waiting 20ms
    2 × waiting for element to be visible, enabled and stable
      - element is not enabled
    - retrying click action
      - waiting 100ms
    56 × waiting for element to be visible, enabled and stable
       - element is not enabled
     - retrying click action
       - waiting 500ms

2026-05-07 11:14:03,839 [INFO] Navegando a Sales...
2026-05-07 11:14:09,312 [INFO] --- Filtros para 2026-01-22 ---
2026-05-07 11:14:15,505 [WARNING] kat_select('Custom'→'Daily') error: Locator.wait_for: Timeout 5000ms exceeded.
Call log:
  - waiting for locator("div.standard-option-name").filter(has_text="Daily").first to be visible
    14 × locator resolved to hidden <div class="standard-option-name">…</div>

2026-05-07 11:14:16,542 [WARNING] set_date error: Locator.filter() got an unexpected keyword argument 'has_attribute'
2026-05-07 11:14:22,616 [WARNING] kat_select('Manufacturing'→'Sourcing') error: Locator.wait_for: Timeout 5000ms exceeded.
Call log:
  - waiting for locator("div.standard-option-name").filter(has_text="Sourcing").first to be visible
    14 × locator resolved to hidden <div class="standard-option-name">…</div>

2026-05-07 11:14:27,634 [WARNING] Apply error: Locator.wait_for: Timeout 5000ms exceeded.
Call log:
  - waiting for locator("button:has-text(\"Apply\"), kat-button:has-text(\"Apply\")").first to be visible
    14 × locator resolved to hidden <kat-button disabled size="base" type="button" variant="primary" id="pending-apply">…</kat-button>

2026-05-07 11:14:28,016 [INFO] Filtros aplicados.
2026-05-07 11:14:28,016 [INFO] Click Excel para 2026-01-22...
2026-05-07 11:14:58,078 [ERROR] Excel error: Locator.click: Timeout 30000ms exceeded.
Call log:
  - waiting for locator("button:has-text(\"Excel\")").first
    - locator resolved to <button disabled value="xlsx" type="button" class="button">…</button>
  - attempting click action
    2 × waiting for element to be visible, enabled and stable
      - element is not enabled
    - retrying click action
    - waiting 20ms
    2 × waiting for element to be visible, enabled and stable
      - element is not enabled
    - retrying click action
      - waiting 100ms
    56 × waiting for element to be visible, enabled and stable
       - element is not enabled
     - retrying click action
       - waiting 500ms

2026-05-07 11:15:08,532 [INFO] Navegando a Sales...
2026-05-07 11:15:14,508 [INFO] --- Filtros para 2026-01-23 ---
2026-05-07 11:15:20,714 [WARNING] kat_select('Custom'→'Daily') error: Locator.wait_for: Timeout 5000ms exceeded.
Call log:
  - waiting for locator("div.standard-option-name").filter(has_text="Daily").first to be visible
    14 × locator resolved to hidden <div class="standard-option-name">…</div>

2026-05-07 11:15:21,782 [WARNING] set_date error: Locator.filter() got an unexpected keyword argument 'has_attribute'
2026-05-07 11:15:27,923 [WARNING] kat_select('Manufacturing'→'Sourcing') error: Locator.wait_for: Timeout 5000ms exceeded.
Call log:
  - waiting for locator("div.standard-option-name").filter(has_text="Sourcing").first to be visible
    14 × locator resolved to hidden <div class="standard-option-name">…</div>

2026-05-07 11:15:32,935 [WARNING] Apply error: Locator.wait_for: Timeout 5000ms exceeded.
Call log:
  - waiting for locator("button:has-text(\"Apply\"), kat-button:has-text(\"Apply\")").first to be visible
    14 × locator resolved to hidden <kat-button disabled size="base" type="button" variant="primary" id="pending-apply">…</kat-button>

2026-05-07 11:15:33,231 [INFO] Filtros aplicados.
2026-05-07 11:15:33,231 [INFO] Click Excel para 2026-01-23...
2026-05-07 11:16:03,287 [ERROR] Excel error: Locator.click: Timeout 30000ms exceeded.
Call log:
  - waiting for locator("button:has-text(\"Excel\")").first
    - locator resolved to <button disabled value="xlsx" type="button" class="button">…</button>
  - attempting click action
    2 × waiting for element to be visible, enabled and stable
      - element is not enabled
    - retrying click action
    - waiting 20ms
    2 × waiting for element to be visible, enabled and stable
      - element is not enabled
    - retrying click action
      - waiting 100ms
    56 × waiting for element to be visible, enabled and stable
       - element is not enabled
     - retrying click action
       - waiting 500ms

2026-05-07 11:16:16,112 [INFO] Navegando a Sales...
2026-05-07 11:16:21,853 [INFO] --- Filtros para 2026-01-24 ---
2026-05-07 11:16:28,030 [WARNING] kat_select('Custom'→'Daily') error: Locator.wait_for: Timeout 5000ms exceeded.
Call log:
  - waiting for locator("div.standard-option-name").filter(has_text="Daily").first to be visible
    14 × locator resolved to hidden <div class="standard-option-name">…</div>

2026-05-07 11:16:29,119 [WARNING] set_date error: Locator.filter() got an unexpected keyword argument 'has_attribute'
2026-05-07 11:16:35,248 [WARNING] kat_select('Manufacturing'→'Sourcing') error: Locator.wait_for: Timeout 5000ms exceeded.
Call log:
  - waiting for locator("div.standard-option-name").filter(has_text="Sourcing").first to be visible
    14 × locator resolved to hidden <div class="standard-option-name">…</div>

2026-05-07 11:16:40,268 [WARNING] Apply error: Locator.wait_for: Timeout 5000ms exceeded.
Call log:
  - waiting for locator("button:has-text(\"Apply\"), kat-button:has-text(\"Apply\")").first to be visible
    14 × locator resolved to hidden <kat-button disabled size="base" type="button" variant="primary" id="pending-apply">…</kat-button>

2026-05-07 11:16:40,632 [INFO] Filtros aplicados.
2026-05-07 11:16:40,633 [INFO] Click Excel para 2026-01-24...
2026-05-07 11:17:10,676 [ERROR] Excel error: Locator.click: Timeout 30000ms exceeded.
Call log:
  - waiting for locator("button:has-text(\"Excel\")").first
    - locator resolved to <button disabled value="xlsx" type="button" class="button">…</button>
  - attempting click action
    2 × waiting for element to be visible, enabled and stable
      - element is not enabled
    - retrying click action
    - waiting 20ms
    2 × waiting for element to be visible, enabled and stable
      - element is not enabled
    - retrying click action
      - waiting 100ms
    56 × waiting for element to be visible, enabled and stable
       - element is not enabled
     - retrying click action
       - waiting 500ms

2026-05-07 11:17:25,817 [INFO] Progreso: 24/124 | Total: 0
2026-05-07 11:17:25,818 [INFO] Pausa: 38s
2026-05-07 11:18:03,595 [INFO] Navegando a Sales...
2026-05-07 11:18:09,592 [INFO] --- Filtros para 2026-01-25 ---
2026-05-07 11:18:15,696 [WARNING] kat_select('Custom'→'Daily') error: Locator.wait_for: Timeout 5000ms exceeded.
Call log:
  - waiting for locator("div.standard-option-name").filter(has_text="Daily").first to be visible
    13 × locator resolved to hidden <div class="standard-option-name">…</div>

2026-05-07 11:18:16,755 [WARNING] set_date error: Locator.filter() got an unexpected keyword argument 'has_attribute'
2026-05-07 11:18:22,825 [WARNING] kat_select('Manufacturing'→'Sourcing') error: Locator.wait_for: Timeout 5000ms exceeded.
Call log:
  - waiting for locator("div.standard-option-name").filter(has_text="Sourcing").first to be visible
    14 × locator resolved to hidden <div class="standard-option-name">…</div>

2026-05-07 11:18:27,850 [WARNING] Apply error: Locator.wait_for: Timeout 5000ms exceeded.
Call log:
  - waiting for locator("button:has-text(\"Apply\"), kat-button:has-text(\"Apply\")").first to be visible
    14 × locator resolved to hidden <kat-button disabled size="base" type="button" variant="primary" id="pending-apply">…</kat-button>

2026-05-07 11:18:28,445 [INFO] Filtros aplicados.
2026-05-07 11:18:28,482 [INFO] Click Excel para 2026-01-25...
2026-05-07 11:18:58,557 [ERROR] Excel error: Locator.click: Timeout 30000ms exceeded.
Call log:
  - waiting for locator("button:has-text(\"Excel\")").first
    - locator resolved to <button disabled value="xlsx" type="button" class="button">…</button>
  - attempting click action
    2 × waiting for element to be visible, enabled and stable
      - element is not enabled
    - retrying click action
    - waiting 20ms
    2 × waiting for element to be visible, enabled and stable
      - element is not enabled
    - retrying click action
      - waiting 100ms
    53 × waiting for element to be visible, enabled and stable
       - element is not enabled
     - retrying click action
       - waiting 500ms

2026-05-07 11:19:13,852 [INFO] Navegando a Sales...
2026-05-07 11:19:19,779 [INFO] --- Filtros para 2026-01-26 ---
2026-05-07 11:19:25,953 [WARNING] kat_select('Custom'→'Daily') error: Locator.wait_for: Timeout 5000ms exceeded.
Call log:
  - waiting for locator("div.standard-option-name").filter(has_text="Daily").first to be visible
    14 × locator resolved to hidden <div class="standard-option-name">…</div>

2026-05-07 11:19:27,004 [WARNING] set_date error: Locator.filter() got an unexpected keyword argument 'has_attribute'
2026-05-07 11:19:33,088 [WARNING] kat_select('Manufacturing'→'Sourcing') error: Locator.wait_for: Timeout 5000ms exceeded.
Call log:
  - waiting for locator("div.standard-option-name").filter(has_text="Sourcing").first to be visible
    14 × locator resolved to hidden <div class="standard-option-name">…</div>

2026-05-07 11:19:38,133 [WARNING] Apply error: Locator.wait_for: Timeout 5000ms exceeded.
Call log:
  - waiting for locator("button:has-text(\"Apply\"), kat-button:has-text(\"Apply\")").first to be visible
    13 × locator resolved to hidden <kat-button disabled size="base" type="button" variant="primary" id="pending-apply">…</kat-button>

2026-05-07 11:19:38,510 [INFO] Filtros aplicados.
2026-05-07 11:19:38,511 [INFO] Click Excel para 2026-01-26...
2026-05-07 11:20:08,596 [ERROR] Excel error: Locator.click: Timeout 30000ms exceeded.
Call log:
  - waiting for locator("button:has-text(\"Excel\")").first
    - locator resolved to <button disabled value="xlsx" type="button" class="button">…</button>
  - attempting click action
    2 × waiting for element to be visible, enabled and stable
      - element is not enabled
    - retrying click action
    - waiting 20ms
    2 × waiting for element to be visible, enabled and stable
      - element is not enabled
    - retrying click action
      - waiting 100ms
    55 × waiting for element to be visible, enabled and stable
       - element is not enabled
     - retrying click action
       - waiting 500ms

2026-05-07 11:20:19,290 [INFO] Navegando a Sales...
2026-05-07 11:20:25,512 [INFO] --- Filtros para 2026-01-27 ---
2026-05-07 11:20:31,610 [WARNING] kat_select('Custom'→'Daily') error: Locator.wait_for: Timeout 5000ms exceeded.
Call log:
  - waiting for locator("div.standard-option-name").filter(has_text="Daily").first to be visible
    13 × locator resolved to hidden <div class="standard-option-name">…</div>

2026-05-07 11:20:32,695 [WARNING] set_date error: Locator.filter() got an unexpected keyword argument 'has_attribute'
2026-05-07 11:20:38,797 [WARNING] kat_select('Manufacturing'→'Sourcing') error: Locator.wait_for: Timeout 5000ms exceeded.
Call log:
  - waiting for locator("div.standard-option-name").filter(has_text="Sourcing").first to be visible
    14 × locator resolved to hidden <div class="standard-option-name">…</div>

2026-05-07 11:20:43,809 [WARNING] Apply error: Locator.wait_for: Timeout 5000ms exceeded.
Call log:
  - waiting for locator("button:has-text(\"Apply\"), kat-button:has-text(\"Apply\")").first to be visible
    14 × locator resolved to hidden <kat-button disabled size="base" type="button" variant="primary" id="pending-apply">…</kat-button>

2026-05-07 11:20:44,193 [INFO] Filtros aplicados.
2026-05-07 11:20:44,193 [INFO] Click Excel para 2026-01-27...
2026-05-07 11:21:14,266 [ERROR] Excel error: Locator.click: Timeout 30000ms exceeded.
Call log:
  - waiting for locator("button:has-text(\"Excel\")").first
    - locator resolved to <button disabled value="xlsx" type="button" class="button">…</button>
  - attempting click action
    2 × waiting for element to be visible, enabled and stable
      - element is not enabled
    - retrying click action
    - waiting 20ms
    2 × waiting for element to be visible, enabled and stable
      - element is not enabled
    - retrying click action
      - waiting 100ms
    55 × waiting for element to be visible, enabled and stable
       - element is not enabled
     - retrying click action
       - waiting 500ms

2026-05-07 11:21:25,556 [INFO] Navegando a Sales...
2026-05-07 11:21:32,006 [INFO] --- Filtros para 2026-01-28 ---
2026-05-07 11:21:38,102 [WARNING] kat_select('Custom'→'Daily') error: Locator.wait_for: Timeout 5000ms exceeded.
Call log:
  - waiting for locator("div.standard-option-name").filter(has_text="Daily").first to be visible
    14 × locator resolved to hidden <div class="standard-option-name">…</div>

2026-05-07 11:21:39,153 [WARNING] set_date error: Locator.filter() got an unexpected keyword argument 'has_attribute'
2026-05-07 11:21:45,256 [WARNING] kat_select('Manufacturing'→'Sourcing') error: Locator.wait_for: Timeout 5000ms exceeded.
Call log:
  - waiting for locator("div.standard-option-name").filter(has_text="Sourcing").first to be visible
    14 × locator resolved to hidden <div class="standard-option-name">…</div>

2026-05-07 11:21:50,284 [WARNING] Apply error: Locator.wait_for: Timeout 5000ms exceeded.
Call log:
  - waiting for locator("button:has-text(\"Apply\"), kat-button:has-text(\"Apply\")").first to be visible
    14 × locator resolved to hidden <kat-button disabled size="base" type="button" variant="primary" id="pending-apply">…</kat-button>

2026-05-07 11:21:50,814 [INFO] Filtros aplicados.
2026-05-07 11:21:50,816 [INFO] Click Excel para 2026-01-28...
2026-05-07 11:22:20,866 [ERROR] Excel error: Locator.click: Timeout 30000ms exceeded.
Call log:
  - waiting for locator("button:has-text(\"Excel\")").first
    - locator resolved to <button disabled value="xlsx" type="button" class="button">…</button>
  - attempting click action
    2 × waiting for element to be visible, enabled and stable
      - element is not enabled
    - retrying click action
    - waiting 20ms
    2 × waiting for element to be visible, enabled and stable
      - element is not enabled
    - retrying click action
      - waiting 100ms
    55 × waiting for element to be visible, enabled and stable
       - element is not enabled
     - retrying click action
       - waiting 500ms

2026-05-07 11:22:35,043 [INFO] Progreso: 28/124 | Total: 0
2026-05-07 11:22:35,050 [INFO] Pausa: 39s
2026-05-07 11:23:13,649 [INFO] Navegando a Sales...
2026-05-07 11:23:18,256 [INFO] --- Filtros para 2026-01-29 ---
2026-05-07 11:23:24,384 [WARNING] kat_select('Custom'→'Daily') error: Locator.wait_for: Timeout 5000ms exceeded.
Call log:
  - waiting for locator("div.standard-option-name").filter(has_text="Daily").first to be visible
    13 × locator resolved to hidden <div class="standard-option-name">…</div>

2026-05-07 11:23:25,453 [WARNING] set_date error: Locator.filter() got an unexpected keyword argument 'has_attribute'
2026-05-07 11:23:31,543 [WARNING] kat_select('Manufacturing'→'Sourcing') error: Locator.wait_for: Timeout 5000ms exceeded.
Call log:
  - waiting for locator("div.standard-option-name").filter(has_text="Sourcing").first to be visible
    14 × locator resolved to hidden <div class="standard-option-name">…</div>

2026-05-07 11:23:36,569 [WARNING] Apply error: Locator.wait_for: Timeout 5000ms exceeded.
Call log:
  - waiting for locator("button:has-text(\"Apply\"), kat-button:has-text(\"Apply\")").first to be visible
    14 × locator resolved to hidden <kat-button disabled size="base" type="button" variant="primary" id="pending-apply">…</kat-button>

2026-05-07 11:23:36,887 [INFO] Filtros aplicados.
2026-05-07 11:23:36,887 [INFO] Click Excel para 2026-01-29...
2026-05-07 11:24:06,941 [ERROR] Excel error: Locator.click: Timeout 30000ms exceeded.
Call log:
  - waiting for locator("button:has-text(\"Excel\")").first
    - locator resolved to <button disabled value="xlsx" type="button" class="button">…</button>
  - attempting click action
    2 × waiting for element to be visible, enabled and stable
      - element is not enabled
    - retrying click action
    - waiting 20ms
    2 × waiting for element to be visible, enabled and stable
      - element is not enabled
    - retrying click action
      - waiting 100ms
    55 × waiting for element to be visible, enabled and stable
       - element is not enabled
     - retrying click action
       - waiting 500ms

2026-05-07 11:24:16,888 [INFO] Navegando a Sales...
2026-05-07 11:24:22,386 [INFO] --- Filtros para 2026-01-30 ---
2026-05-07 11:24:28,625 [WARNING] kat_select('Custom'→'Daily') error: Locator.wait_for: Timeout 5000ms exceeded.
Call log:
  - waiting for locator("div.standard-option-name").filter(has_text="Daily").first to be visible
    14 × locator resolved to hidden <div class="standard-option-name">…</div>

2026-05-07 11:24:29,706 [WARNING] set_date error: Locator.filter() got an unexpected keyword argument 'has_attribute'
2026-05-07 11:24:35,841 [WARNING] kat_select('Manufacturing'→'Sourcing') error: Locator.wait_for: Timeout 5000ms exceeded.
Call log:
  - waiting for locator("div.standard-option-name").filter(has_text="Sourcing").first to be visible
    14 × locator resolved to hidden <div class="standard-option-name">…</div>

2026-05-07 11:24:40,867 [WARNING] Apply error: Locator.wait_for: Timeout 5000ms exceeded.
Call log:
  - waiting for locator("button:has-text(\"Apply\"), kat-button:has-text(\"Apply\")").first to be visible
    13 × locator resolved to hidden <kat-button disabled size="base" type="button" variant="primary" id="pending-apply">…</kat-button>

2026-05-07 11:24:41,295 [INFO] Filtros aplicados.
2026-05-07 11:24:41,302 [INFO] Click Excel para 2026-01-30...
2026-05-07 11:24:45,113 [ERROR] Excel error: Locator.click: Target page, context or browser has been closed
Call log:
  - waiting for locator("button:has-text(\"Excel\")").first
    - locator resolved to <button disabled value="xlsx" type="button" class="button">…</button>
  - attempting click action
    2 × waiting for element to be visible, enabled and stable
      - element is not enabled
    - retrying click action
    - waiting 20ms
    2 × waiting for element to be visible, enabled and stable
      - element is not enabled
    - retrying click action
      - waiting 100ms
    6 × waiting for element to be visible, enabled and stable
      - element is not enabled
    - retrying click action
      - waiting 500ms

2026-05-07 11:24:45,124 [ERROR] Error: Page.screenshot: Target page, context or browser has been closed
Traceback (most recent call last):
  File "C:\Users\Carlos Pericon\Desktop\Amazon Scraping\main.py", line 138, in main
    download_sales_range(page, START_DATE, END_DATE)
  File "C:\Users\Carlos Pericon\Desktop\Amazon Scraping\downloader.py", line 329, in download_sales_range
    if click_excel(page, target_date):
       ^^^^^^^^^^^^^^^^^^^^^^^^^^^^^^
  File "C:\Users\Carlos Pericon\Desktop\Amazon Scraping\downloader.py", line 236, in click_excel
    page.screenshot(path=f"debug_excel_{target_date.strftime('%Y%m%d')}.png")
  File "C:\Users\Carlos Pericon\Desktop\Amazon Scraping\.venv\Lib\site-packages\playwright\sync_api\_generated.py", line 10129, in screenshot
    self._sync(
  File "C:\Users\Carlos Pericon\Desktop\Amazon Scraping\.venv\Lib\site-packages\playwright\_impl\_sync_base.py", line 115, in _sync
    return task.result()
           ^^^^^^^^^^^^^
  File "C:\Users\Carlos Pericon\Desktop\Amazon Scraping\.venv\Lib\site-packages\playwright\_impl\_page.py", line 814, in screenshot
    encoded_binary = await self._channel.send(
                     ^^^^^^^^^^^^^^^^^^^^^^^^^
  File "C:\Users\Carlos Pericon\Desktop\Amazon Scraping\.venv\Lib\site-packages\playwright\_impl\_connection.py", line 69, in send
    return await self._connection.wrap_api_call(
           ^^^^^^^^^^^^^^^^^^^^^^^^^^^^^^^^^^^^^
  File "C:\Users\Carlos Pericon\Desktop\Amazon Scraping\.venv\Lib\site-packages\playwright\_impl\_connection.py", line 559, in wrap_api_call
    raise rewrite_error(error, f"{parsed_st['apiName']}: {error}") from None
playwright._impl._errors.TargetClosedError: Page.screenshot: Target page, context or browser has been closed
2026-05-07 11:26:14,138 [INFO] ============================================================
2026-05-07 11:26:14,138 [INFO] Amazon Vendor Central — Sales Scraper
2026-05-07 11:26:14,139 [INFO] Período : 2026-01-01 → 2026-05-04
2026-05-07 11:26:14,139 [INFO] ============================================================
2026-05-07 11:26:19,468 [INFO] Cargando cookies desde cookies.json...
2026-05-07 11:26:19,524 [INFO] ✓ 26 cookies cargadas.
2026-05-07 11:26:19,527 [INFO] Verificando sesión con cookies...
2026-05-07 11:26:31,909 [INFO] URL tras cargar cookies: https://vendorcentral.amazon.com/vcnext?ref=homepage_redirect_vcnext
2026-05-07 11:26:33,047 [INFO] ✓ Sesión activa con cookies.
2026-05-07 11:26:33,047 [INFO] Total: 124 días (2026-01-01 → 2026-05-04)
2026-05-07 11:26:33,047 [INFO] Navegando a Sales...
2026-05-07 11:26:43,011 [INFO] --- Filtros para 2026-01-01 ---
2026-05-07 11:26:43,012 [INFO] Dropdown: 'Custom' → 'Daily'
2026-05-07 11:26:44,614 [WARNING] No se pudo clickear opción 'Daily'
2026-05-07 11:26:44,615 [WARNING] Time frame no seteado, reintentando...
2026-05-07 11:26:45,616 [INFO] Dropdown: 'Custom' → 'Daily'
2026-05-07 11:26:46,839 [WARNING] No se pudo clickear opción 'Daily'
2026-05-07 11:26:47,916 [WARNING] set_date error: 'Locator' object has no attribute 'triple_click'
2026-05-07 11:26:47,942 [INFO] Dropdown: 'Manufacturing' → 'Sourcing'
2026-05-07 11:26:49,229 [WARNING] No se pudo clickear opción 'Sourcing'
2026-05-07 11:26:49,246 [WARNING] Distributor View no seteado, reintentando...
2026-05-07 11:26:50,247 [INFO] Dropdown: 'Manufacturing' → 'Sourcing'
2026-05-07 11:26:51,508 [WARNING] No se pudo clickear opción 'Sourcing'
2026-05-07 11:26:51,782 [INFO] Apply clickeado.
2026-05-07 11:26:53,877 [INFO] ✓ Tabla cargada.
2026-05-07 11:26:54,493 [INFO] Customize Columns → Select All → Save...
2026-05-07 11:27:02,514 [WARNING] Customize Columns error: Locator.wait_for: Timeout 8000ms exceeded.
Call log:
  - waiting for locator("text=/Customize Columns/i").first to be visible
    17 × locator resolved to hidden <div slot="title">Customize columns</div>

2026-05-07 11:27:02,953 [INFO] --- Filtros para 2026-01-01 ---
2026-05-07 11:27:02,962 [INFO] Dropdown: 'Custom' → 'Daily'
2026-05-07 11:27:04,442 [WARNING] No se pudo clickear opción 'Daily'
2026-05-07 11:27:04,443 [WARNING] Time frame no seteado, reintentando...
2026-05-07 11:27:05,444 [INFO] Dropdown: 'Custom' → 'Daily'
2026-05-07 11:27:06,999 [WARNING] No se pudo clickear opción 'Daily'
2026-05-07 11:27:08,122 [WARNING] set_date error: 'Locator' object has no attribute 'triple_click'
2026-05-07 11:27:08,122 [INFO] Dropdown: 'Manufacturing' → 'Sourcing'
2026-05-07 11:27:09,603 [WARNING] No se pudo clickear opción 'Sourcing'
2026-05-07 11:27:09,604 [WARNING] Distributor View no seteado, reintentando...
2026-05-07 11:27:10,611 [INFO] Dropdown: 'Manufacturing' → 'Sourcing'
2026-05-07 11:27:12,007 [WARNING] No se pudo clickear opción 'Sourcing'
2026-05-07 11:27:42,048 [WARNING] Apply error: Locator.click: Timeout 30000ms exceeded.
Call log:
  - waiting for locator("button:has-text(\"Apply\")").first
    - locator resolved to <button disabled type="button" class="button">…</button>
  - attempting click action
    2 × waiting for element to be visible, enabled and stable
      - element is not enabled
    - retrying click action
    - waiting 20ms
    2 × waiting for element to be visible, enabled and stable
      - element is not enabled
    - retrying click action
      - waiting 100ms
    55 × waiting for element to be visible, enabled and stable
       - element is not enabled
     - retrying click action
       - waiting 500ms
    - waiting for element to be visible, enabled and stable

2026-05-07 11:27:42,857 [INFO] Click Excel para 2026-01-01...
2026-05-07 11:27:46,391 [INFO] ✓ Excel encolado.
2026-05-07 11:28:00,310 [INFO] Navegando a Sales...
2026-05-07 11:28:06,633 [INFO] --- Filtros para 2026-01-02 ---
2026-05-07 11:28:06,635 [INFO] Dropdown: 'Custom' → 'Daily'
2026-05-07 11:28:08,061 [WARNING] No se pudo clickear opción 'Daily'
2026-05-07 11:28:08,062 [WARNING] Time frame no seteado, reintentando...
2026-05-07 11:28:09,064 [INFO] Dropdown: 'Custom' → 'Daily'
2026-05-07 11:28:10,612 [WARNING] No se pudo clickear opción 'Daily'
2026-05-07 11:28:11,826 [WARNING] set_date error: 'Locator' object has no attribute 'triple_click'
2026-05-07 11:28:11,829 [INFO] Dropdown: 'Manufacturing' → 'Sourcing'
2026-05-07 11:28:13,187 [WARNING] No se pudo clickear opción 'Sourcing'
2026-05-07 11:28:13,188 [WARNING] Distributor View no seteado, reintentando...
2026-05-07 11:28:14,189 [INFO] Dropdown: 'Manufacturing' → 'Sourcing'
2026-05-07 11:28:15,679 [WARNING] No se pudo clickear opción 'Sourcing'
2026-05-07 11:28:16,000 [INFO] Apply clickeado.
2026-05-07 11:28:18,073 [INFO] ✓ Tabla cargada.
2026-05-07 11:28:18,669 [INFO] Click Excel para 2026-01-02...
2026-05-07 11:28:22,241 [INFO] ✓ Excel encolado.
2026-05-07 11:28:35,808 [INFO] Navegando a Sales...
2026-05-07 11:28:41,610 [INFO] --- Filtros para 2026-01-03 ---
2026-05-07 11:28:41,612 [INFO] Dropdown: 'Custom' → 'Daily'
2026-05-07 11:28:43,054 [WARNING] No se pudo clickear opción 'Daily'
2026-05-07 11:28:43,055 [WARNING] Time frame no seteado, reintentando...
2026-05-07 11:28:44,056 [INFO] Dropdown: 'Custom' → 'Daily'
2026-05-07 11:28:45,490 [WARNING] No se pudo clickear opción 'Daily'
2026-05-07 11:28:46,689 [WARNING] set_date error: 'Locator' object has no attribute 'triple_click'
2026-05-07 11:28:46,697 [INFO] Dropdown: 'Manufacturing' → 'Sourcing'
2026-05-07 11:28:48,093 [WARNING] No se pudo clickear opción 'Sourcing'
2026-05-07 11:28:48,094 [WARNING] Distributor View no seteado, reintentando...
2026-05-07 11:28:49,096 [INFO] Dropdown: 'Manufacturing' → 'Sourcing'
2026-05-07 11:28:50,534 [WARNING] No se pudo clickear opción 'Sourcing'
2026-05-07 11:28:50,826 [INFO] Apply clickeado.
2026-05-07 11:28:52,903 [INFO] ✓ Tabla cargada.
2026-05-07 11:28:53,301 [INFO] Click Excel para 2026-01-03...
2026-05-07 11:28:56,837 [INFO] ✓ Excel encolado.
2026-05-07 11:29:11,193 [INFO] Navegando a Sales...
2026-05-07 11:29:15,418 [INFO] --- Filtros para 2026-01-04 ---
2026-05-07 11:29:15,422 [INFO] Dropdown: 'Custom' → 'Daily'
2026-05-07 11:29:16,796 [WARNING] No se pudo clickear opción 'Daily'
2026-05-07 11:29:16,796 [WARNING] Time frame no seteado, reintentando...
2026-05-07 11:29:17,798 [INFO] Dropdown: 'Custom' → 'Daily'
2026-05-07 11:29:19,125 [WARNING] No se pudo clickear opción 'Daily'
2026-05-07 11:29:20,305 [WARNING] set_date error: 'Locator' object has no attribute 'triple_click'
2026-05-07 11:29:20,307 [INFO] Dropdown: 'Manufacturing' → 'Sourcing'
2026-05-07 11:29:21,705 [WARNING] No se pudo clickear opción 'Sourcing'
2026-05-07 11:29:21,705 [WARNING] Distributor View no seteado, reintentando...
2026-05-07 11:29:22,706 [INFO] Dropdown: 'Manufacturing' → 'Sourcing'
2026-05-07 11:29:24,094 [WARNING] No se pudo clickear opción 'Sourcing'
2026-05-07 11:29:24,411 [INFO] Apply clickeado.
2026-05-07 11:29:26,563 [INFO] ✓ Tabla cargada.
2026-05-07 11:29:27,181 [INFO] Click Excel para 2026-01-04...
2026-05-07 11:29:30,707 [INFO] ✓ Excel encolado.
2026-05-07 11:29:44,906 [INFO] Manage Downloads — 4 reporte(s)...
2026-05-07 11:30:09,161 [ERROR] Error: Timeout 20000ms exceeded.
Traceback (most recent call last):
  File "C:\Users\Carlos Pericon\Desktop\Amazon Scraping\main.py", line 138, in main
    download_sales_range(page, START_DATE, END_DATE)
  File "C:\Users\Carlos Pericon\Desktop\Amazon Scraping\downloader.py", line 318, in download_sales_range
    done = wait_and_download_reports(page, pending, OUTPUT_DIR)
           ^^^^^^^^^^^^^^^^^^^^^^^^^^^^^^^^^^^^^^^^^^^^^^^^^^^^
  File "C:\Users\Carlos Pericon\Desktop\Amazon Scraping\downloader.py", line 229, in wait_and_download_reports
    page.wait_for_load_state("networkidle", timeout=20000)
  File "C:\Users\Carlos Pericon\Desktop\Amazon Scraping\.venv\Lib\site-packages\playwright\sync_api\_generated.py", line 9460, in wait_for_load_state
    self._sync(self._impl_obj.wait_for_load_state(state=state, timeout=timeout))
  File "C:\Users\Carlos Pericon\Desktop\Amazon Scraping\.venv\Lib\site-packages\playwright\_impl\_sync_base.py", line 115, in _sync
    return task.result()
           ^^^^^^^^^^^^^
  File "C:\Users\Carlos Pericon\Desktop\Amazon Scraping\.venv\Lib\site-packages\playwright\_impl\_page.py", line 572, in wait_for_load_state
    return await self._main_frame.wait_for_load_state(**locals_to_params(locals()))
           ^^^^^^^^^^^^^^^^^^^^^^^^^^^^^^^^^^^^^^^^^^^^^^^^^^^^^^^^^^^^^^^^^^^^^^^^
  File "C:\Users\Carlos Pericon\Desktop\Amazon Scraping\.venv\Lib\site-packages\playwright\_impl\_frame.py", line 273, in wait_for_load_state
    return await self._wait_for_load_state_impl(state, timeout)
           ^^^^^^^^^^^^^^^^^^^^^^^^^^^^^^^^^^^^^^^^^^^^^^^^^^^^
  File "C:\Users\Carlos Pericon\Desktop\Amazon Scraping\.venv\Lib\site-packages\playwright\_impl\_frame.py", line 301, in _wait_for_load_state_impl
    await waiter.result()
playwright._impl._errors.TimeoutError: Timeout 20000ms exceeded.
2026-05-07 11:58:20,196 [INFO] ============================================================
2026-05-07 11:58:20,197 [INFO] Amazon Vendor Central — Sales Scraper
2026-05-07 11:58:20,197 [INFO] Período : 2026-01-01 → 2026-05-04
2026-05-07 11:58:20,198 [INFO] ============================================================
2026-05-07 11:58:26,859 [INFO] Cargando cookies desde cookies.json...
2026-05-07 11:58:27,016 [INFO] ✓ 26 cookies cargadas.
2026-05-07 11:58:27,034 [INFO] Verificando sesión con cookies...
2026-05-07 11:58:36,028 [INFO] URL tras cargar cookies: https://vendorcentral.amazon.com/ap/signin?clientContext=131-2361971-6525757&openid.pape.preferred_auth_policies=SinglefactorWithPossessionChallenge&openid.return_to=https%3A%2F%2Fvendorcentral.amazon.com%2F&openid.identity=http%3A%2F%2Fspecs.openid.net%2Fauth%2F2.0%2Fidentifier_select&openid.assoc_handle=amzn_vc_us_v2&openid.mode=checkid_setup&fct=Fct.RwLPC1HodDsYIfC72TCB8F4ZCUDfNjoHwwSXaZPtalKlAUAUYsut3klz-1rEAczkljGijKymVMXLXDWDS2n-AL7Pp9PpNGJ82crR8bdW4eGpVMoh-kjefQDG_se5hNhtHsNPDlDwXXpS2c2RIDlrikUT1brcyF46mJJ0WQ9JZ2v3Wg0F4n1C6L1Kn6UXUchW-V4pgu9shk92dW1i_IdTZr7Hgs1wCfn7PMDlq1OGeq_K-5EcXoQOM-adtXOxa4SYp_-YKO5mRy2KHX8a889dd2uZc_8gMunslogzyp4DfuPAKTI&intercept=false&language=en_US&openid.claimed_id=http%3A%2F%2Fspecs.openid.net%2Fauth%2F2.0%2Fidentifier_select&pageId=amzn_vc_us_auth&openid.ns=http%3A%2F%2Fspecs.openid.net%2Fauth%2F2.0
2026-05-07 11:58:36,476 [ERROR] Las cookies no son válidas o expiraron.
2026-05-07 11:58:36,476 [ERROR] Cookies inválidas. Exportalas de nuevo desde Edge.
2026-05-07 12:02:01,197 [INFO] ============================================================
2026-05-07 12:02:01,199 [INFO] Amazon Vendor Central — Sales Scraper
2026-05-07 12:02:01,199 [INFO] Período : 2026-01-01 → 2026-05-04
2026-05-07 12:02:01,199 [INFO] ============================================================
2026-05-07 12:02:10,166 [INFO] Cargando cookies desde cookies.json...
2026-05-07 12:02:10,310 [INFO] ✓ 28 cookies cargadas.
2026-05-07 12:02:10,361 [INFO] Verificando sesión con cookies...
2026-05-07 12:02:20,603 [INFO] URL tras cargar cookies: https://vendorcentral.amazon.com/vcnext?ref=homepage_redirect_vcnext
2026-05-07 12:02:22,198 [INFO] ✓ Sesión activa con cookies.
2026-05-07 12:02:22,201 [INFO] Total: 124 días (2026-01-01 → 2026-05-04)
2026-05-07 12:02:22,201 [INFO] Navegando a Sales...
2026-05-07 12:02:31,359 [INFO] --- Filtros para 2026-01-01 ---
2026-05-07 12:02:31,360 [INFO] Dropdown: 'Custom' → 'Daily'
2026-05-07 12:02:32,991 [ERROR] Error: Page.evaluate: TypeError: el.className.includes is not a function
    at eval (eval at evaluate (:302:30), <anonymous>:17:46)
    at UtilityScript.evaluate (<anonymous>:309:18)
    at UtilityScript.<anonymous> (<anonymous>:1:44)
Traceback (most recent call last):
  File "C:\Users\Carlos Pericon\Desktop\Amazon Scraping\main.py", line 138, in main
    download_sales_range(page, START_DATE, END_DATE)
  File "C:\Users\Carlos Pericon\Desktop\Amazon Scraping\downloader.py", line 312, in download_sales_range
    set_filters(page, target_date)
  File "C:\Users\Carlos Pericon\Desktop\Amazon Scraping\downloader.py", line 173, in set_filters
    open_and_select(page, "Custom", "Daily")
  File "C:\Users\Carlos Pericon\Desktop\Amazon Scraping\downloader.py", line 115, in open_and_select
    ok = js_click_option(page, desired_value)
         ^^^^^^^^^^^^^^^^^^^^^^^^^^^^^^^^^^^^
  File "C:\Users\Carlos Pericon\Desktop\Amazon Scraping\downloader.py", line 41, in js_click_option
    result = page.evaluate(f"""() => {{
             ^^^^^^^^^^^^^^^^^^^^^^^^^^
  File "C:\Users\Carlos Pericon\Desktop\Amazon Scraping\.venv\Lib\site-packages\playwright\sync_api\_generated.py", line 8874, in evaluate
    self._sync(
  File "C:\Users\Carlos Pericon\Desktop\Amazon Scraping\.venv\Lib\site-packages\playwright\_impl\_sync_base.py", line 115, in _sync
    return task.result()
           ^^^^^^^^^^^^^
  File "C:\Users\Carlos Pericon\Desktop\Amazon Scraping\.venv\Lib\site-packages\playwright\_impl\_page.py", line 464, in evaluate
    return await self._main_frame.evaluate(expression, arg)
           ^^^^^^^^^^^^^^^^^^^^^^^^^^^^^^^^^^^^^^^^^^^^^^^^
  File "C:\Users\Carlos Pericon\Desktop\Amazon Scraping\.venv\Lib\site-packages\playwright\_impl\_frame.py", line 320, in evaluate
    await self._channel.send(
  File "C:\Users\Carlos Pericon\Desktop\Amazon Scraping\.venv\Lib\site-packages\playwright\_impl\_connection.py", line 69, in send
    return await self._connection.wrap_api_call(
           ^^^^^^^^^^^^^^^^^^^^^^^^^^^^^^^^^^^^^
  File "C:\Users\Carlos Pericon\Desktop\Amazon Scraping\.venv\Lib\site-packages\playwright\_impl\_connection.py", line 559, in wrap_api_call
    raise rewrite_error(error, f"{parsed_st['apiName']}: {error}") from None
playwright._impl._errors.Error: Page.evaluate: TypeError: el.className.includes is not a function
    at eval (eval at evaluate (:302:30), <anonymous>:17:46)
    at UtilityScript.evaluate (<anonymous>:309:18)
    at UtilityScript.<anonymous> (<anonymous>:1:44)
2026-05-07 12:04:09,457 [INFO] ============================================================
2026-05-07 12:04:09,457 [INFO] Amazon Vendor Central — Sales Scraper
2026-05-07 12:04:09,457 [INFO] Período : 2026-01-01 → 2026-05-04
2026-05-07 12:04:09,457 [INFO] ============================================================
2026-05-07 12:04:19,994 [INFO] Cargando cookies desde cookies.json...
2026-05-07 12:04:20,097 [INFO] ✓ 28 cookies cargadas.
2026-05-07 12:04:20,097 [INFO] Verificando sesión con cookies...
2026-05-07 12:04:32,704 [INFO] URL tras cargar cookies: https://vendorcentral.amazon.com/vcnext?ref=homepage_redirect_vcnext
2026-05-07 12:04:33,566 [INFO] ✓ Sesión activa con cookies.
2026-05-07 12:04:33,569 [INFO] Total: 124 días (2026-01-01 → 2026-05-04)
2026-05-07 12:04:33,570 [INFO] Navegando a Sales...
2026-05-07 12:04:43,298 [INFO] --- Filtros para 2026-01-01 ---
2026-05-07 12:04:43,298 [INFO] Dropdown: 'Custom' → 'Daily'
2026-05-07 12:04:45,032 [INFO] js_click_option('Daily'): clicked: Daily
2026-05-07 12:04:47,026 [INFO] set_date: set: 01/01/2026
2026-05-07 12:04:47,549 [INFO] Dropdown: 'Manufacturing' → 'Sourcing'
2026-05-07 12:04:49,290 [INFO] js_click_option('Sourcing'): clicked: Sourcing
2026-05-07 12:04:50,379 [INFO] Apply clickeado.
2026-05-07 12:04:52,479 [INFO] ✓ Tabla cargada.
2026-05-07 12:04:52,971 [INFO] Customize Columns → Select All → Save...
2026-05-07 12:05:00,983 [WARNING] Customize Columns error: Locator.wait_for: Timeout 8000ms exceeded.
Call log:
  - waiting for locator("text=/Customize Columns/i").first to be visible
    18 × locator resolved to hidden <div slot="title">Customize columns</div>

2026-05-07 12:05:01,413 [INFO] --- Filtros para 2026-01-01 ---
2026-05-07 12:05:01,413 [INFO] Dropdown: 'Custom' → 'Daily'
2026-05-07 12:05:02,936 [INFO] js_click_option('Daily'): clicked: Daily
2026-05-07 12:05:04,772 [INFO] set_date: set: 01/01/2026
2026-05-07 12:05:05,274 [INFO] Dropdown: 'Manufacturing' → 'Sourcing'
2026-05-07 12:05:06,860 [INFO] js_click_option('Sourcing'): clicked: Sourcing
2026-05-07 12:05:37,767 [WARNING] Apply error: Locator.click: Timeout 30000ms exceeded.
Call log:
  - waiting for locator("button:has-text(\"Apply\")").first
    - locator resolved to <button disabled type="button" class="button">…</button>
  - attempting click action
    2 × waiting for element to be visible, enabled and stable
      - element is not enabled
    - retrying click action
    - waiting 20ms
    2 × waiting for element to be visible, enabled and stable
      - element is not enabled
    - retrying click action
      - waiting 100ms
    55 × waiting for element to be visible, enabled and stable
       - element is not enabled
     - retrying click action
       - waiting 500ms

2026-05-07 12:05:38,068 [INFO] Click Excel para 2026-01-01...
2026-05-07 12:05:46,394 [INFO] ✓ Excel encolado.
2026-05-07 12:05:59,433 [INFO] Navegando a Sales...
2026-05-07 12:06:05,504 [INFO] --- Filtros para 2026-01-02 ---
2026-05-07 12:06:05,505 [INFO] Dropdown: 'Custom' → 'Daily'
2026-05-07 12:06:07,318 [INFO] js_click_option('Daily'): clicked: Daily
2026-05-07 12:06:09,218 [INFO] set_date: set: 01/02/2026
2026-05-07 12:06:09,719 [INFO] Dropdown: 'Manufacturing' → 'Sourcing'
2026-05-07 12:06:11,565 [INFO] js_click_option('Sourcing'): clicked: Sourcing
2026-05-07 12:06:12,627 [INFO] Apply clickeado.
2026-05-07 12:06:14,701 [INFO] ✓ Tabla cargada.
2026-05-07 12:06:14,985 [INFO] Click Excel para 2026-01-02...
2026-05-07 12:06:18,284 [INFO] ✓ Excel encolado.
2026-05-07 12:06:28,911 [INFO] Navegando a Sales...
2026-05-07 12:06:34,876 [INFO] --- Filtros para 2026-01-03 ---
2026-05-07 12:06:34,876 [INFO] Dropdown: 'Custom' → 'Daily'
2026-05-07 12:06:36,636 [INFO] js_click_option('Daily'): clicked: Daily
2026-05-07 12:06:38,606 [INFO] set_date: set: 01/03/2026
2026-05-07 12:06:39,106 [INFO] Dropdown: 'Manufacturing' → 'Sourcing'
2026-05-07 12:06:40,817 [INFO] js_click_option('Sourcing'): clicked: Sourcing
2026-05-07 12:06:41,964 [INFO] Apply clickeado.
2026-05-07 12:06:44,040 [INFO] ✓ Tabla cargada.
2026-05-07 12:06:44,260 [INFO] Click Excel para 2026-01-03...
2026-05-07 12:06:47,466 [INFO] ✓ Excel encolado.
2026-05-07 12:07:01,910 [INFO] Navegando a Sales...
2026-05-07 12:07:05,835 [INFO] --- Filtros para 2026-01-04 ---
2026-05-07 12:07:05,835 [INFO] Dropdown: 'Custom' → 'Daily'
2026-05-07 12:07:07,530 [INFO] js_click_option('Daily'): clicked: Daily
2026-05-07 12:07:09,530 [INFO] set_date: set: 01/04/2026
2026-05-07 12:07:10,031 [INFO] Dropdown: 'Manufacturing' → 'Sourcing'
2026-05-07 12:07:11,880 [INFO] js_click_option('Sourcing'): clicked: Sourcing
2026-05-07 12:07:12,845 [INFO] Apply clickeado.
2026-05-07 12:07:14,917 [INFO] ✓ Tabla cargada.
2026-05-07 12:07:15,196 [INFO] Click Excel para 2026-01-04...
2026-05-07 12:07:18,479 [INFO] ✓ Excel encolado.
2026-05-07 12:07:26,975 [INFO] Manage Downloads — 4 reporte(s)...
2026-05-07 12:07:44,148 [INFO] Esperando 4 más... 30s
2026-05-07 12:08:21,028 [INFO] Esperando 4 más... 30s
2026-05-07 12:08:58,013 [INFO] Esperando 4 más... 30s
2026-05-07 12:09:36,745 [INFO] Esperando 4 más... 30s
2026-05-07 12:10:14,030 [INFO] Esperando 4 más... 30s
2026-05-07 12:10:51,141 [INFO] Esperando 4 más... 30s
2026-05-07 12:11:21,141 [ERROR] Error: Page.reload: Target page, context or browser has been closed
Traceback (most recent call last):
  File "C:\Users\Carlos Pericon\Desktop\Amazon Scraping\main.py", line 138, in main
    download_sales_range(page, START_DATE, END_DATE)
  File "C:\Users\Carlos Pericon\Desktop\Amazon Scraping\downloader.py", line 325, in download_sales_range
    done = wait_and_download_reports(page, pending, OUTPUT_DIR)
           ^^^^^^^^^^^^^^^^^^^^^^^^^^^^^^^^^^^^^^^^^^^^^^^^^^^^
  File "C:\Users\Carlos Pericon\Desktop\Amazon Scraping\downloader.py", line 248, in wait_and_download_reports
    page.reload()
  File "C:\Users\Carlos Pericon\Desktop\Amazon Scraping\.venv\Lib\site-packages\playwright\sync_api\_generated.py", line 9405, in reload
    self._sync(self._impl_obj.reload(timeout=timeout, waitUntil=wait_until))
  File "C:\Users\Carlos Pericon\Desktop\Amazon Scraping\.venv\Lib\site-packages\playwright\_impl\_sync_base.py", line 115, in _sync
    return task.result()
           ^^^^^^^^^^^^^
  File "C:\Users\Carlos Pericon\Desktop\Amazon Scraping\.venv\Lib\site-packages\playwright\_impl\_page.py", line 560, in reload
    await self._channel.send(
  File "C:\Users\Carlos Pericon\Desktop\Amazon Scraping\.venv\Lib\site-packages\playwright\_impl\_connection.py", line 69, in send
    return await self._connection.wrap_api_call(
           ^^^^^^^^^^^^^^^^^^^^^^^^^^^^^^^^^^^^^
  File "C:\Users\Carlos Pericon\Desktop\Amazon Scraping\.venv\Lib\site-packages\playwright\_impl\_connection.py", line 559, in wrap_api_call
    raise rewrite_error(error, f"{parsed_st['apiName']}: {error}") from None
playwright._impl._errors.TargetClosedError: Page.reload: Target page, context or browser has been closed
2026-05-07 12:18:14,161 [INFO] ============================================================
2026-05-07 12:18:14,161 [INFO] Amazon Vendor Central — Sales Scraper
2026-05-07 12:18:14,161 [INFO] Período : 2026-01-01 → 2026-01-01
2026-05-07 12:18:14,161 [INFO] ============================================================
2026-05-07 12:18:22,348 [INFO] Cargando cookies desde cookies.json...
2026-05-07 12:18:22,389 [INFO] ✓ 28 cookies cargadas.
2026-05-07 12:18:22,399 [INFO] Verificando sesión con cookies...
2026-05-07 12:18:33,052 [INFO] URL tras cargar cookies: https://vendorcentral.amazon.com/vcnext?ref=homepage_redirect_vcnext
2026-05-07 12:18:33,998 [INFO] ✓ Sesión activa con cookies.
2026-05-07 12:18:33,998 [INFO] Total: 1 días (2026-01-01 → 2026-01-01)
2026-05-07 12:18:34,000 [INFO] Navegando a Sales...
2026-05-07 12:18:41,679 [INFO] --- Filtros para 2026-01-01 ---
2026-05-07 12:18:41,679 [INFO] Dropdown: 'Custom' → 'Daily'
2026-05-07 12:18:43,442 [INFO] js_click_option('Daily'): clicked
2026-05-07 12:18:45,279 [INFO] set_date: not found
2026-05-07 12:18:45,780 [INFO] Dropdown: 'Manufacturing' → 'Sourcing'
2026-05-07 12:18:47,764 [INFO] js_click_option('Sourcing'): clicked
2026-05-07 12:18:48,881 [INFO] Apply clickeado.
2026-05-07 12:18:51,017 [INFO] ✓ Tabla cargada.
2026-05-07 12:18:51,601 [INFO] Customize Columns → Select All → Save...
2026-05-07 12:18:59,626 [WARNING] Customize Columns error: Locator.wait_for: Timeout 8000ms exceeded.
Call log:
  - waiting for locator("text=/Customize Columns/i").first to be visible
    18 × locator resolved to hidden <div slot="title">Customize columns</div>

2026-05-07 12:18:59,965 [INFO] --- Filtros para 2026-01-01 ---
2026-05-07 12:18:59,966 [INFO] Dropdown: 'Custom' → 'Daily'
2026-05-07 12:19:01,491 [INFO] js_click_option('Daily'): clicked
2026-05-07 12:19:03,311 [INFO] set_date: not found
2026-05-07 12:19:03,813 [INFO] Dropdown: 'Manufacturing' → 'Sourcing'
2026-05-07 12:19:05,386 [INFO] js_click_option('Sourcing'): clicked
2026-05-07 12:19:36,287 [WARNING] Apply error: Locator.click: Timeout 30000ms exceeded.
Call log:
  - waiting for locator("button:has-text(\"Apply\")").first
    - locator resolved to <button disabled type="button" class="button">…</button>
  - attempting click action
    2 × waiting for element to be visible, enabled and stable
      - element is not enabled
    - retrying click action
    - waiting 20ms
    2 × waiting for element to be visible, enabled and stable
      - element is not enabled
    - retrying click action
      - waiting 100ms
    55 × waiting for element to be visible, enabled and stable
       - element is not enabled
     - retrying click action
       - waiting 500ms

2026-05-07 12:19:36,616 [INFO] Solicitando Excel...
2026-05-07 12:19:38,877 [INFO] ✓ Excel solicitado.
2026-05-07 12:19:38,877 [INFO] Esperando reporte '1-1-2026' en Manage Downloads...
2026-05-07 12:19:38,882 [WARNING] No pude abrir panel: Locator.wait_for: Unexpected token "=" while parsing css selector "a:has-text("Manage Downloads"), text="Manage Downloads"". Did you mean to CSS.escape it?
Call log:
  - waiting for a:has-text("Manage Downloads"), text="Manage Downloads" >> nth=0 to be visible

2026-05-07 12:19:48,896 [WARNING] No pude abrir panel: Locator.wait_for: Unexpected token "=" while parsing css selector "a:has-text("Manage Downloads"), text="Manage Downloads"". Did you mean to CSS.escape it?
Call log:
  - waiting for a:has-text("Manage Downloads"), text="Manage Downloads" >> nth=0 to be visible

2026-05-07 12:19:58,915 [WARNING] No pude abrir panel: Locator.wait_for: Unexpected token "=" while parsing css selector "a:has-text("Manage Downloads"), text="Manage Downloads"". Did you mean to CSS.escape it?
Call log:
  - waiting for a:has-text("Manage Downloads"), text="Manage Downloads" >> nth=0 to be visible

2026-05-07 12:20:08,935 [WARNING] No pude abrir panel: Locator.wait_for: Unexpected token "=" while parsing css selector "a:has-text("Manage Downloads"), text="Manage Downloads"". Did you mean to CSS.escape it?
Call log:
  - waiting for a:has-text("Manage Downloads"), text="Manage Downloads" >> nth=0 to be visible

2026-05-07 12:20:18,953 [WARNING] No pude abrir panel: Locator.wait_for: Unexpected token "=" while parsing css selector "a:has-text("Manage Downloads"), text="Manage Downloads"". Did you mean to CSS.escape it?
Call log:
  - waiting for a:has-text("Manage Downloads"), text="Manage Downloads" >> nth=0 to be visible

2026-05-07 12:20:28,969 [WARNING] No pude abrir panel: Locator.wait_for: Unexpected token "=" while parsing css selector "a:has-text("Manage Downloads"), text="Manage Downloads"". Did you mean to CSS.escape it?
Call log:
  - waiting for a:has-text("Manage Downloads"), text="Manage Downloads" >> nth=0 to be visible

2026-05-07 12:20:38,991 [WARNING] No pude abrir panel: Locator.wait_for: Unexpected token "=" while parsing css selector "a:has-text("Manage Downloads"), text="Manage Downloads"". Did you mean to CSS.escape it?
Call log:
  - waiting for a:has-text("Manage Downloads"), text="Manage Downloads" >> nth=0 to be visible

2026-05-07 12:20:49,013 [WARNING] No pude abrir panel: Locator.wait_for: Unexpected token "=" while parsing css selector "a:has-text("Manage Downloads"), text="Manage Downloads"". Did you mean to CSS.escape it?
Call log:
  - waiting for a:has-text("Manage Downloads"), text="Manage Downloads" >> nth=0 to be visible

2026-05-07 12:20:59,019 [WARNING] No pude abrir panel: Locator.wait_for: Unexpected token "=" while parsing css selector "a:has-text("Manage Downloads"), text="Manage Downloads"". Did you mean to CSS.escape it?
Call log:
  - waiting for a:has-text("Manage Downloads"), text="Manage Downloads" >> nth=0 to be visible

2026-05-07 12:21:09,040 [WARNING] No pude abrir panel: Locator.wait_for: Unexpected token "=" while parsing css selector "a:has-text("Manage Downloads"), text="Manage Downloads"". Did you mean to CSS.escape it?
Call log:
  - waiting for a:has-text("Manage Downloads"), text="Manage Downloads" >> nth=0 to be visible

2026-05-07 12:21:19,055 [WARNING] No pude abrir panel: Locator.wait_for: Unexpected token "=" while parsing css selector "a:has-text("Manage Downloads"), text="Manage Downloads"". Did you mean to CSS.escape it?
Call log:
  - waiting for a:has-text("Manage Downloads"), text="Manage Downloads" >> nth=0 to be visible

2026-05-07 12:21:29,061 [WARNING] No pude abrir panel: Locator.wait_for: Unexpected token "=" while parsing css selector "a:has-text("Manage Downloads"), text="Manage Downloads"". Did you mean to CSS.escape it?
Call log:
  - waiting for a:has-text("Manage Downloads"), text="Manage Downloads" >> nth=0 to be visible

2026-05-07 12:21:39,076 [WARNING] No pude abrir panel: Locator.wait_for: Unexpected token "=" while parsing css selector "a:has-text("Manage Downloads"), text="Manage Downloads"". Did you mean to CSS.escape it?
Call log:
  - waiting for a:has-text("Manage Downloads"), text="Manage Downloads" >> nth=0 to be visible

2026-05-07 12:21:49,090 [WARNING] No pude abrir panel: Locator.wait_for: Unexpected token "=" while parsing css selector "a:has-text("Manage Downloads"), text="Manage Downloads"". Did you mean to CSS.escape it?
Call log:
  - waiting for a:has-text("Manage Downloads"), text="Manage Downloads" >> nth=0 to be visible

2026-05-07 12:21:59,107 [WARNING] No pude abrir panel: Locator.wait_for: Unexpected token "=" while parsing css selector "a:has-text("Manage Downloads"), text="Manage Downloads"". Did you mean to CSS.escape it?
Call log:
  - waiting for a:has-text("Manage Downloads"), text="Manage Downloads" >> nth=0 to be visible

2026-05-07 12:22:09,122 [WARNING] No pude abrir panel: Locator.wait_for: Unexpected token "=" while parsing css selector "a:has-text("Manage Downloads"), text="Manage Downloads"". Did you mean to CSS.escape it?
Call log:
  - waiting for a:has-text("Manage Downloads"), text="Manage Downloads" >> nth=0 to be visible

2026-05-07 12:22:19,128 [WARNING] No pude abrir panel: Locator.wait_for: Unexpected token "=" while parsing css selector "a:has-text("Manage Downloads"), text="Manage Downloads"". Did you mean to CSS.escape it?
Call log:
  - waiting for a:has-text("Manage Downloads"), text="Manage Downloads" >> nth=0 to be visible

2026-05-07 12:22:29,131 [WARNING] No pude abrir panel: Locator.wait_for: Unexpected token "=" while parsing css selector "a:has-text("Manage Downloads"), text="Manage Downloads"". Did you mean to CSS.escape it?
Call log:
  - waiting for a:has-text("Manage Downloads"), text="Manage Downloads" >> nth=0 to be visible

2026-05-07 12:22:39,171 [WARNING] No pude abrir panel: Locator.wait_for: Unexpected token "=" while parsing css selector "a:has-text("Manage Downloads"), text="Manage Downloads"". Did you mean to CSS.escape it?
Call log:
  - waiting for a:has-text("Manage Downloads"), text="Manage Downloads" >> nth=0 to be visible

2026-05-07 12:22:49,191 [WARNING] No pude abrir panel: Locator.wait_for: Unexpected token "=" while parsing css selector "a:has-text("Manage Downloads"), text="Manage Downloads"". Did you mean to CSS.escape it?
Call log:
  - waiting for a:has-text("Manage Downloads"), text="Manage Downloads" >> nth=0 to be visible

2026-05-07 12:22:59,206 [WARNING] No pude abrir panel: Locator.wait_for: Unexpected token "=" while parsing css selector "a:has-text("Manage Downloads"), text="Manage Downloads"". Did you mean to CSS.escape it?
Call log:
  - waiting for a:has-text("Manage Downloads"), text="Manage Downloads" >> nth=0 to be visible

2026-05-07 12:23:09,231 [WARNING] No pude abrir panel: Locator.wait_for: Unexpected token "=" while parsing css selector "a:has-text("Manage Downloads"), text="Manage Downloads"". Did you mean to CSS.escape it?
Call log:
  - waiting for a:has-text("Manage Downloads"), text="Manage Downloads" >> nth=0 to be visible

2026-05-07 12:23:19,251 [WARNING] No pude abrir panel: Locator.wait_for: Unexpected token "=" while parsing css selector "a:has-text("Manage Downloads"), text="Manage Downloads"". Did you mean to CSS.escape it?
Call log:
  - waiting for a:has-text("Manage Downloads"), text="Manage Downloads" >> nth=0 to be visible

2026-05-07 12:23:29,265 [WARNING] No pude abrir panel: Locator.wait_for: Unexpected token "=" while parsing css selector "a:has-text("Manage Downloads"), text="Manage Downloads"". Did you mean to CSS.escape it?
Call log:
  - waiting for a:has-text("Manage Downloads"), text="Manage Downloads" >> nth=0 to be visible

2026-05-07 12:23:39,290 [WARNING] No pude abrir panel: Locator.wait_for: Unexpected token "=" while parsing css selector "a:has-text("Manage Downloads"), text="Manage Downloads"". Did you mean to CSS.escape it?
Call log:
  - waiting for a:has-text("Manage Downloads"), text="Manage Downloads" >> nth=0 to be visible

2026-05-07 12:23:49,305 [WARNING] No pude abrir panel: Locator.wait_for: Unexpected token "=" while parsing css selector "a:has-text("Manage Downloads"), text="Manage Downloads"". Did you mean to CSS.escape it?
Call log:
  - waiting for a:has-text("Manage Downloads"), text="Manage Downloads" >> nth=0 to be visible

2026-05-07 12:23:59,322 [WARNING] No pude abrir panel: Locator.wait_for: Unexpected token "=" while parsing css selector "a:has-text("Manage Downloads"), text="Manage Downloads"". Did you mean to CSS.escape it?
Call log:
  - waiting for a:has-text("Manage Downloads"), text="Manage Downloads" >> nth=0 to be visible

2026-05-07 12:24:09,335 [WARNING] No pude abrir panel: Locator.wait_for: Unexpected token "=" while parsing css selector "a:has-text("Manage Downloads"), text="Manage Downloads"". Did you mean to CSS.escape it?
Call log:
  - waiting for a:has-text("Manage Downloads"), text="Manage Downloads" >> nth=0 to be visible

2026-05-07 12:24:19,350 [WARNING] No pude abrir panel: Locator.wait_for: Unexpected token "=" while parsing css selector "a:has-text("Manage Downloads"), text="Manage Downloads"". Did you mean to CSS.escape it?
Call log:
  - waiting for a:has-text("Manage Downloads"), text="Manage Downloads" >> nth=0 to be visible

2026-05-07 12:24:29,369 [WARNING] No pude abrir panel: Locator.wait_for: Unexpected token "=" while parsing css selector "a:has-text("Manage Downloads"), text="Manage Downloads"". Did you mean to CSS.escape it?
Call log:
  - waiting for a:has-text("Manage Downloads"), text="Manage Downloads" >> nth=0 to be visible

2026-05-07 12:24:39,371 [ERROR] Timeout para 2026-01-01
2026-05-07 12:24:39,373 [WARNING] No se pudo descargar 2026-01-01, continuando...
2026-05-07 12:24:48,194 [INFO] Progreso: 0 descargados.
2026-05-07 12:24:48,195 [INFO] ✓ Fin. 0 archivos en output/
2026-05-07 12:24:49,928 [INFO] Scraper finalizado.
2026-05-07 12:32:27,175 [INFO] ============================================================
2026-05-07 12:32:27,175 [INFO] Amazon Vendor Central — Sales Scraper
2026-05-07 12:32:27,176 [INFO] Período : 2026-01-01 → 2026-01-01
2026-05-07 12:32:27,176 [INFO] ============================================================
2026-05-07 12:32:33,360 [INFO] Cargando cookies desde cookies.json...
2026-05-07 12:32:33,462 [INFO] ✓ 28 cookies cargadas.
2026-05-07 12:32:33,471 [INFO] Verificando sesión con cookies...
2026-05-07 12:32:51,318 [INFO] URL tras cargar cookies: https://vendorcentral.amazon.com/vcnext?ref=homepage_redirect_vcnext
2026-05-07 12:32:51,993 [INFO] ✓ Sesión activa con cookies.
2026-05-07 12:32:51,995 [INFO] Total: 1 días (2026-01-01 → 2026-01-01)
2026-05-07 12:32:51,995 [INFO] Navegando a Sales...
2026-05-07 12:32:59,477 [INFO] --- Filtros para 2026-01-01 ---
2026-05-07 12:32:59,477 [INFO] Dropdown: 'Custom' → 'Daily'
2026-05-07 12:33:01,233 [INFO] js_click_option('Daily'): clicked
2026-05-07 12:33:03,062 [INFO] set_date: not found
2026-05-07 12:33:03,564 [INFO] Dropdown: 'Manufacturing' → 'Sourcing'
2026-05-07 12:33:05,315 [INFO] js_click_option('Sourcing'): clicked
2026-05-07 12:33:06,408 [INFO] Apply clickeado.
2026-05-07 12:33:08,497 [INFO] ✓ Tabla cargada.
2026-05-07 12:33:08,947 [INFO] Customize Columns → Select All → Save...
2026-05-07 12:33:16,974 [WARNING] Customize Columns error: Locator.wait_for: Timeout 8000ms exceeded.
Call log:
  - waiting for locator("text=/Customize Columns/i").first to be visible
    18 × locator resolved to hidden <div slot="title">Customize columns</div>

2026-05-07 12:33:17,259 [INFO] --- Filtros para 2026-01-01 ---
2026-05-07 12:33:17,260 [INFO] Dropdown: 'Custom' → 'Daily'
2026-05-07 12:33:18,812 [INFO] js_click_option('Daily'): clicked
2026-05-07 12:33:20,629 [INFO] set_date: not found
2026-05-07 12:33:21,131 [INFO] Dropdown: 'Manufacturing' → 'Sourcing'
2026-05-07 12:33:22,697 [INFO] js_click_option('Sourcing'): clicked
2026-05-07 12:34:03,885 [WARNING] Apply error: Locator.click: Timeout 30000ms exceeded.
Call log:
  - waiting for locator("button:has-text(\"Apply\")").first
    - locator resolved to <button disabled type="button" class="button">…</button>
  - attempting click action
    2 × waiting for element to be visible, enabled and stable
      - element is not enabled
    - retrying click action
    - waiting 20ms
    2 × waiting for element to be visible, enabled and stable
      - element is not enabled
    - retrying click action
      - waiting 100ms
    55 × waiting for element to be visible, enabled and stable
       - element is not enabled
     - retrying click action
       - waiting 500ms

2026-05-07 12:34:04,176 [INFO] Solicitando Excel...
2026-05-07 12:34:06,463 [INFO] ✓ Excel solicitado.
2026-05-07 12:34:06,464 [INFO] Esperando reporte '1-1-2026' en Manage Downloads...
2026-05-07 12:34:08,981 [INFO] Links 'Download' en panel: 8
2026-05-07 12:34:08,996 [INFO] ✓ Reporte encontrado para 2026-01-01. Descargando...
2026-05-07 12:34:12,379 [INFO] ✓ Guardado: output\SALES_20260101_HoneyCanDoHK.xlsx
2026-05-07 12:34:12,386 [INFO] [1] ✓ 2026-01-01
2026-05-07 12:34:23,787 [INFO] Progreso: 1 descargados.
2026-05-07 12:34:23,788 [INFO] ✓ Fin. 1 archivos en output/
2026-05-07 12:34:24,827 [INFO] Scraper finalizado.
2026-05-07 14:02:23,554 [INFO] ============================================================
2026-05-07 14:02:23,555 [INFO] Amazon Vendor Central — Sales Scraper
2026-05-07 14:02:23,556 [INFO] Período : 2026-01-01 → 2026-01-01
2026-05-07 14:02:23,556 [INFO] ============================================================
2026-05-07 14:02:32,436 [INFO] Cargando cookies desde cookies.json...
2026-05-07 14:02:32,518 [INFO] ✓ 28 cookies cargadas.
2026-05-07 14:02:32,522 [INFO] Verificando sesión con cookies...
2026-05-07 14:02:50,224 [INFO] URL tras cargar cookies: https://vendorcentral.amazon.com/vcnext?ref=homepage_redirect_vcnext
2026-05-07 14:02:51,437 [INFO] ✓ Sesión activa con cookies.
2026-05-07 14:02:51,439 [INFO] Total: 1 días (2026-01-01 → 2026-01-01)
2026-05-07 14:02:51,440 [INFO] Ya existe: SALES_20260101_HoneyCanDoHK.xlsx
2026-05-07 14:02:51,442 [INFO] ✓ Fin. 0 archivos en output/
2026-05-07 14:02:54,384 [INFO] Scraper finalizado.
2026-05-07 14:05:30,586 [INFO] ============================================================
2026-05-07 14:05:30,587 [INFO] Amazon Vendor Central — Sales Scraper
2026-05-07 14:05:30,587 [INFO] Período : 2026-01-02 → 2026-01-02
2026-05-07 14:05:30,588 [INFO] ============================================================
2026-05-07 14:05:38,288 [INFO] Cargando cookies desde cookies.json...
2026-05-07 14:05:38,329 [INFO] ✓ 28 cookies cargadas.
2026-05-07 14:05:38,333 [INFO] Verificando sesión con cookies...
2026-05-07 14:05:54,771 [INFO] URL tras cargar cookies: https://vendorcentral.amazon.com/vcnext?ref=homepage_redirect_vcnext
2026-05-07 14:05:55,672 [INFO] ✓ Sesión activa con cookies.
2026-05-07 14:05:55,673 [INFO] Total: 1 días (2026-01-02 → 2026-01-02)
2026-05-07 14:05:55,674 [INFO] Navegando a Sales...
2026-05-07 14:06:04,088 [INFO] --- Filtros para 2026-01-02 ---
2026-05-07 14:06:04,104 [INFO] Dropdown: 'Custom' → 'Daily'
2026-05-07 14:06:05,908 [INFO] js_click_option('Daily'): clicked
2026-05-07 14:06:07,775 [INFO] set_date: not found
2026-05-07 14:06:08,277 [INFO] Dropdown: 'Manufacturing' → 'Sourcing'
2026-05-07 14:06:10,045 [INFO] js_click_option('Sourcing'): clicked
2026-05-07 14:06:11,275 [INFO] Apply clickeado.
2026-05-07 14:06:13,419 [INFO] ✓ Tabla cargada.
2026-05-07 14:06:14,039 [INFO] Customize Columns → Select All → Save...
2026-05-07 14:06:22,063 [WARNING] Customize Columns error: Locator.wait_for: Timeout 8000ms exceeded.
Call log:
  - waiting for locator("text=/Customize Columns/i").first to be visible
    18 × locator resolved to hidden <div slot="title">Customize columns</div>

2026-05-07 14:06:22,570 [INFO] --- Filtros para 2026-01-02 ---
2026-05-07 14:06:22,571 [INFO] Dropdown: 'Custom' → 'Daily'
2026-05-07 14:06:24,104 [INFO] js_click_option('Daily'): clicked
2026-05-07 14:06:25,920 [INFO] set_date: not found
2026-05-07 14:06:26,423 [INFO] Dropdown: 'Manufacturing' → 'Sourcing'
2026-05-07 14:06:27,980 [INFO] js_click_option('Sourcing'): clicked
2026-05-07 14:07:09,182 [WARNING] Apply error: Locator.click: Timeout 30000ms exceeded.
Call log:
  - waiting for locator("button:has-text(\"Apply\")").first
    - locator resolved to <button disabled type="button" class="button">…</button>
  - attempting click action
    2 × waiting for element to be visible, enabled and stable
      - element is not enabled
    - retrying click action
    - waiting 20ms
    2 × waiting for element to be visible, enabled and stable
      - element is not enabled
    - retrying click action
      - waiting 100ms
    56 × waiting for element to be visible, enabled and stable
       - element is not enabled
     - retrying click action
       - waiting 500ms

2026-05-07 14:07:09,634 [INFO] Solicitando Excel...
2026-05-07 14:07:12,007 [INFO] ✓ Excel solicitado.
2026-05-07 14:07:12,008 [INFO] Esperando reporte '1-2-2026' en Manage Downloads...
2026-05-07 14:07:14,908 [INFO] Links 'Download' en panel: 8
2026-05-07 14:07:14,950 [INFO] ✓ Reporte encontrado para 2026-01-02. Descargando...
2026-05-07 14:07:17,340 [INFO] ✓ Guardado: output\SALES_20260102_HoneyCanDoHK.xlsx
2026-05-07 14:07:17,343 [INFO] [1] ✓ 2026-01-02
2026-05-07 14:07:17,357 [ERROR] Falta instalar: pip install Office365-REST-Python-Client
2026-05-07 14:07:25,588 [INFO] Progreso: 1 descargados.
2026-05-07 14:07:25,589 [INFO] ✓ Fin. 1 archivos en output/
2026-05-07 14:07:27,860 [INFO] Scraper finalizado.
2026-05-07 14:13:44,791 [INFO] ============================================================
2026-05-07 14:13:44,792 [INFO] Amazon Vendor Central — Sales Scraper
2026-05-07 14:13:44,793 [INFO] Período : 2026-01-02 → 2026-01-02
2026-05-07 14:13:44,793 [INFO] ============================================================
2026-05-07 14:14:05,710 [INFO] Cargando cookies desde cookies.json...
2026-05-07 14:14:05,745 [INFO] ✓ 28 cookies cargadas.
2026-05-07 14:14:05,746 [INFO] Verificando sesión con cookies...
2026-05-07 14:14:18,080 [INFO] URL tras cargar cookies: https://vendorcentral.amazon.com/vcnext?ref=homepage_redirect_vcnext
2026-05-07 14:14:20,631 [INFO] ✓ Sesión activa con cookies.
2026-05-07 14:14:20,631 [INFO] Total: 1 días (2026-01-02 → 2026-01-02)
2026-05-07 14:14:20,631 [INFO] Navegando a Sales...
2026-05-07 14:14:27,867 [INFO] --- Filtros para 2026-01-02 ---
2026-05-07 14:14:27,867 [INFO] Dropdown: 'Custom' → 'Daily'
2026-05-07 14:14:29,715 [INFO] js_click_option('Daily'): clicked
2026-05-07 14:14:31,550 [INFO] set_date: not found
2026-05-07 14:14:32,052 [INFO] Dropdown: 'Manufacturing' → 'Sourcing'
2026-05-07 14:14:33,946 [INFO] js_click_option('Sourcing'): clicked
2026-05-07 14:14:35,267 [INFO] Apply clickeado.
2026-05-07 14:14:37,405 [INFO] ✓ Tabla cargada.
2026-05-07 14:14:40,753 [INFO] Customize Columns → Select All → Save...
2026-05-07 14:14:48,780 [WARNING] Customize Columns error: Locator.wait_for: Timeout 8000ms exceeded.
Call log:
  - waiting for locator("text=/Customize Columns/i").first to be visible
    18 × locator resolved to hidden <div slot="title">Customize columns</div>

2026-05-07 14:14:49,519 [INFO] --- Filtros para 2026-01-02 ---
2026-05-07 14:14:49,531 [INFO] Dropdown: 'Custom' → 'Daily'
2026-05-07 14:14:51,066 [INFO] js_click_option('Daily'): clicked
2026-05-07 14:14:52,900 [INFO] set_date: not found
2026-05-07 14:14:53,453 [INFO] Dropdown: 'Manufacturing' → 'Sourcing'
2026-05-07 14:14:55,082 [INFO] js_click_option('Sourcing'): clicked
2026-05-07 14:15:36,251 [WARNING] Apply error: Locator.click: Timeout 30000ms exceeded.
Call log:
  - waiting for locator("button:has-text(\"Apply\")").first
    - locator resolved to <button disabled type="button" class="button">…</button>
  - attempting click action
    2 × waiting for element to be visible, enabled and stable
      - element is not enabled
    - retrying click action
    - waiting 20ms
    2 × waiting for element to be visible, enabled and stable
      - element is not enabled
    - retrying click action
      - waiting 100ms
    56 × waiting for element to be visible, enabled and stable
       - element is not enabled
     - retrying click action
       - waiting 500ms

2026-05-07 14:15:36,789 [INFO] Solicitando Excel...
2026-05-07 14:15:39,256 [INFO] ✓ Excel solicitado.
2026-05-07 14:15:39,257 [INFO] Esperando reporte '1-2-2026' en Manage Downloads...
2026-05-07 14:15:42,157 [INFO] Links 'Download' en panel: 8
2026-05-07 14:15:42,176 [INFO] ✓ Reporte encontrado para 2026-01-02. Descargando...
2026-05-07 14:15:44,232 [INFO] ✓ Guardado: output\SALES_20260102_HoneyCanDoHK.xlsx
2026-05-07 14:15:44,234 [INFO] [1] ✓ 2026-01-02
2026-05-07 14:15:58,952 [INFO] Subiendo SALES_20260102_HoneyCanDoHK.xlsx a SharePoint...
2026-05-07 14:16:01,226 [ERROR] An error occurred while retrieving token from XML response: AADSTS900023: Specified tenant identifier 'hatchecom' is neither a valid DNS name, nor a valid external domain.
2026-05-07 14:16:01,229 [ERROR] Error subiendo a SharePoint: An error occurred while retrieving token from XML response: AADSTS900023: Specified tenant identifier 'hatchecom' is neither a valid DNS name, nor a valid external domain.
2026-05-07 14:16:10,849 [INFO] Progreso: 1 descargados.
2026-05-07 14:16:10,849 [INFO] ✓ Fin. 1 archivos en output/
2026-05-07 14:16:11,898 [INFO] Scraper finalizado.
2026-05-07 14:20:35,546 [INFO] ============================================================
2026-05-07 14:20:35,547 [INFO] Amazon Vendor Central — Sales Scraper
2026-05-07 14:20:35,547 [INFO] Período : 2026-01-02 → 2026-01-02
2026-05-07 14:20:35,548 [INFO] ============================================================
2026-05-07 14:20:43,261 [INFO] Cargando cookies desde cookies.json...
2026-05-07 14:20:43,290 [INFO] ✓ 28 cookies cargadas.
2026-05-07 14:20:43,291 [INFO] Verificando sesión con cookies...
2026-05-07 14:20:54,885 [INFO] URL tras cargar cookies: https://vendorcentral.amazon.com/vcnext?ref=homepage_redirect_vcnext
2026-05-07 14:20:56,162 [INFO] ✓ Sesión activa con cookies.
2026-05-07 14:20:56,163 [INFO] Total: 1 días (2026-01-02 → 2026-01-02)
2026-05-07 14:20:56,164 [INFO] Navegando a Sales...
2026-05-07 14:21:03,786 [INFO] --- Filtros para 2026-01-02 ---
2026-05-07 14:21:03,792 [INFO] Dropdown: 'Custom' → 'Daily'
2026-05-07 14:21:05,637 [INFO] js_click_option('Daily'): clicked
2026-05-07 14:21:07,448 [INFO] set_date: not found
2026-05-07 14:21:07,971 [INFO] Dropdown: 'Manufacturing' → 'Sourcing'
2026-05-07 14:21:09,898 [INFO] js_click_option('Sourcing'): clicked
2026-05-07 14:21:11,099 [INFO] Apply clickeado.
2026-05-07 14:21:13,198 [INFO] ✓ Tabla cargada.
2026-05-07 14:21:13,880 [INFO] Customize Columns → Select All → Save...
2026-05-07 14:21:21,913 [WARNING] Customize Columns error: Locator.wait_for: Timeout 8000ms exceeded.
Call log:
  - waiting for locator("text=/Customize Columns/i").first to be visible
    17 × locator resolved to hidden <div slot="title">Customize columns</div>

2026-05-07 14:21:22,365 [INFO] --- Filtros para 2026-01-02 ---
2026-05-07 14:21:22,365 [INFO] Dropdown: 'Custom' → 'Daily'
2026-05-07 14:21:23,928 [INFO] js_click_option('Daily'): clicked
2026-05-07 14:21:25,751 [INFO] set_date: not found
2026-05-07 14:21:26,253 [INFO] Dropdown: 'Manufacturing' → 'Sourcing'
2026-05-07 14:21:27,864 [INFO] js_click_option('Sourcing'): clicked
2026-05-07 14:22:09,199 [WARNING] Apply error: Locator.click: Timeout 30000ms exceeded.
Call log:
  - waiting for locator("button:has-text(\"Apply\")").first
    - locator resolved to <button disabled type="button" class="button">…</button>
  - attempting click action
    2 × waiting for element to be visible, enabled and stable
      - element is not enabled
    - retrying click action
    - waiting 20ms
    2 × waiting for element to be visible, enabled and stable
      - element is not enabled
    - retrying click action
      - waiting 100ms
    56 × waiting for element to be visible, enabled and stable
       - element is not enabled
     - retrying click action
       - waiting 500ms

2026-05-07 14:22:09,809 [INFO] Solicitando Excel...
2026-05-07 14:22:12,305 [INFO] ✓ Excel solicitado.
2026-05-07 14:22:12,307 [INFO] Esperando reporte '1-2-2026' en Manage Downloads...
2026-05-07 14:22:15,050 [INFO] Links 'Download' en panel: 8
2026-05-07 14:22:15,195 [INFO] No listo aún. Esperando 30s...
2026-05-07 14:23:15,277 [WARNING] No pude abrir panel: Locator.click: Timeout 30000ms exceeded.
Call log:
  - waiting for locator("a:has-text(\"Manage Downloads\")").first
    - locator resolved to <a class="ltr-u991lu" id="downloadManager">Manage Downloads</a>
  - attempting click action
    2 × waiting for element to be visible, enabled and stable
      - element is visible, enabled and stable
      - scrolling into view if needed
      - done scrolling
      - <p>Access and manage your report download requests. …</p> from <div class="ltr-1odx2my">…</div> subtree intercepts pointer events
    - retrying click action
    - waiting 20ms
    - waiting for element to be visible, enabled and stable
    - element is visible, enabled and stable
    - scrolling into view if needed
    - done scrolling
    - <p>Access and manage your report download requests. …</p> from <div class="ltr-1odx2my">…</div> subtree intercepts pointer events
  2 × retrying click action
      - waiting 100ms
      - waiting for element to be visible, enabled and stable
      - element is visible, enabled and stable
      - scrolling into view if needed
      - done scrolling
      - <div class="ltr-15zcp20">…</div> from <div class="ltr-1odx2my">…</div> subtree intercepts pointer events
  13 × retrying click action
       - waiting 500ms
       - waiting for element to be visible, enabled and stable
       - element is visible, enabled and stable
       - scrolling into view if needed
       - done scrolling
       - <p>Access and manage your report download requests. …</p> from <div class="ltr-1odx2my">…</div> subtree intercepts pointer events
     - retrying click action
       - waiting 500ms
       - waiting for element to be visible, enabled and stable
       - element is visible, enabled and stable
       - scrolling into view if needed
       - done scrolling
       - <p>Access and manage your report download requests. …</p> from <div class="ltr-1odx2my">…</div> subtree intercepts pointer events
     - retrying click action
       - waiting 500ms
       - waiting for element to be visible, enabled and stable
       - element is visible, enabled and stable
       - scrolling into view if needed
       - done scrolling
       - <div class="ltr-15zcp20">…</div> from <div class="ltr-1odx2my">…</div> subtree intercepts pointer events
     - retrying click action
       - waiting 500ms
       - waiting for element to be visible, enabled and stable
       - element is visible, enabled and stable
       - scrolling into view if needed
       - done scrolling
       - <div class="ltr-15zcp20">…</div> from <div class="ltr-1odx2my">…</div> subtree intercepts pointer events
  - retrying click action
    - waiting 500ms

2026-05-07 14:23:55,457 [WARNING] No pude abrir panel: Locator.click: Timeout 30000ms exceeded.
Call log:
  - waiting for locator("a:has-text(\"Manage Downloads\")").first
    - locator resolved to <a class="ltr-u991lu" id="downloadManager">Manage Downloads</a>
  - attempting click action
    - waiting for element to be visible, enabled and stable
    - element is visible, enabled and stable
    - scrolling into view if needed
    - done scrolling
    - <div class="ltr-15zcp20">…</div> from <div class="ltr-1odx2my">…</div> subtree intercepts pointer events
  - retrying click action
    - waiting for element to be visible, enabled and stable
    - element is visible, enabled and stable
    - scrolling into view if needed
    - done scrolling
    - <p>Access and manage your report download requests. …</p> from <div class="ltr-1odx2my">…</div> subtree intercepts pointer events
  - retrying click action
    - waiting 20ms
    - waiting for element to be visible, enabled and stable
    - element is visible, enabled and stable
    - scrolling into view if needed
    - done scrolling
    - <p>Access and manage your report download requests. …</p> from <div class="ltr-1odx2my">…</div> subtree intercepts pointer events
  2 × retrying click action
      - waiting 100ms
      - waiting for element to be visible, enabled and stable
      - element is visible, enabled and stable
      - scrolling into view if needed
      - done scrolling
      - <div class="ltr-15zcp20">…</div> from <div class="ltr-1odx2my">…</div> subtree intercepts pointer events
  13 × retrying click action
       - waiting 500ms
       - waiting for element to be visible, enabled and stable
       - element is visible, enabled and stable
       - scrolling into view if needed
       - done scrolling
       - <p>Access and manage your report download requests. …</p> from <div class="ltr-1odx2my">…</div> subtree intercepts pointer events
     - retrying click action
       - waiting 500ms
       - waiting for element to be visible, enabled and stable
       - element is visible, enabled and stable
       - scrolling into view if needed
       - done scrolling
       - <p>Access and manage your report download requests. …</p> from <div class="ltr-1odx2my">…</div> subtree intercepts pointer events
     - retrying click action
       - waiting 500ms
       - waiting for element to be visible, enabled and stable
       - element is visible, enabled and stable
       - scrolling into view if needed
       - done scrolling
       - <div class="ltr-15zcp20">…</div> from <div class="ltr-1odx2my">…</div> subtree intercepts pointer events
     - retrying click action
       - waiting 500ms
       - waiting for element to be visible, enabled and stable
       - element is visible, enabled and stable
       - scrolling into view if needed
       - done scrolling
       - <div class="ltr-15zcp20">…</div> from <div class="ltr-1odx2my">…</div> subtree intercepts pointer events
  - retrying click action
    - waiting 500ms

2026-05-07 14:24:35,598 [WARNING] No pude abrir panel: Locator.click: Timeout 30000ms exceeded.
Call log:
  - waiting for locator("a:has-text(\"Manage Downloads\")").first
    - locator resolved to <a class="ltr-u991lu" id="downloadManager">Manage Downloads</a>
  - attempting click action
    - waiting for element to be visible, enabled and stable
    - element is visible, enabled and stable
    - scrolling into view if needed
    - done scrolling
    - <div class="ltr-15zcp20">…</div> from <div class="ltr-1odx2my">…</div> subtree intercepts pointer events
  - retrying click action
    - waiting for element to be visible, enabled and stable
    - element is visible, enabled and stable
    - scrolling into view if needed
    - done scrolling
    - <p>Access and manage your report download requests. …</p> from <div class="ltr-1odx2my">…</div> subtree intercepts pointer events
  - retrying click action
    - waiting 20ms
    - waiting for element to be visible, enabled and stable
    - element is visible, enabled and stable
    - scrolling into view if needed
    - done scrolling
    - <p>Access and manage your report download requests. …</p> from <div class="ltr-1odx2my">…</div> subtree intercepts pointer events
  2 × retrying click action
      - waiting 100ms
      - waiting for element to be visible, enabled and stable
      - element is visible, enabled and stable
      - scrolling into view if needed
      - done scrolling
      - <div class="ltr-15zcp20">…</div> from <div class="ltr-1odx2my">…</div> subtree intercepts pointer events
  13 × retrying click action
       - waiting 500ms
       - waiting for element to be visible, enabled and stable
       - element is visible, enabled and stable
       - scrolling into view if needed
       - done scrolling
       - <p>Access and manage your report download requests. …</p> from <div class="ltr-1odx2my">…</div> subtree intercepts pointer events
     - retrying click action
       - waiting 500ms
       - waiting for element to be visible, enabled and stable
       - element is visible, enabled and stable
       - scrolling into view if needed
       - done scrolling
       - <p>Access and manage your report download requests. …</p> from <div class="ltr-1odx2my">…</div> subtree intercepts pointer events
     - retrying click action
       - waiting 500ms
       - waiting for element to be visible, enabled and stable
       - element is visible, enabled and stable
       - scrolling into view if needed
       - done scrolling
       - <div class="ltr-15zcp20">…</div> from <div class="ltr-1odx2my">…</div> subtree intercepts pointer events
     - retrying click action
       - waiting 500ms
       - waiting for element to be visible, enabled and stable
       - element is visible, enabled and stable
       - scrolling into view if needed
       - done scrolling
       - <div class="ltr-15zcp20">…</div> from <div class="ltr-1odx2my">…</div> subtree intercepts pointer events
  - retrying click action
    - waiting 500ms
    - waiting for element to be visible, enabled and stable
    - element is visible, enabled and stable
    - scrolling into view if needed
    - done scrolling
    - <p>Access and manage your report download requests. …</p> from <div class="ltr-1odx2my">…</div> subtree intercepts pointer events
  - retrying click action
    - waiting 500ms

2026-05-07 14:25:15,662 [WARNING] No pude abrir panel: Locator.click: Timeout 30000ms exceeded.
Call log:
  - waiting for locator("a:has-text(\"Manage Downloads\")").first
    - locator resolved to <a class="ltr-u991lu" id="downloadManager">Manage Downloads</a>
  - attempting click action
    2 × waiting for element to be visible, enabled and stable
      - element is visible, enabled and stable
      - scrolling into view if needed
      - done scrolling
      - <p>Access and manage your report download requests. …</p> from <div class="ltr-1odx2my">…</div> subtree intercepts pointer events
    - retrying click action
    - waiting 20ms
    - waiting for element to be visible, enabled and stable
    - element is visible, enabled and stable
    - scrolling into view if needed
    - done scrolling
    - <p>Access and manage your report download requests. …</p> from <div class="ltr-1odx2my">…</div> subtree intercepts pointer events
  2 × retrying click action
      - waiting 100ms
      - waiting for element to be visible, enabled and stable
      - element is visible, enabled and stable
      - scrolling into view if needed
      - done scrolling
      - <div class="ltr-15zcp20">…</div> from <div class="ltr-1odx2my">…</div> subtree intercepts pointer events
  13 × retrying click action
       - waiting 500ms
       - waiting for element to be visible, enabled and stable
       - element is visible, enabled and stable
       - scrolling into view if needed
       - done scrolling
       - <p>Access and manage your report download requests. …</p> from <div class="ltr-1odx2my">…</div> subtree intercepts pointer events
     - retrying click action
       - waiting 500ms
       - waiting for element to be visible, enabled and stable
       - element is visible, enabled and stable
       - scrolling into view if needed
       - done scrolling
       - <p>Access and manage your report download requests. …</p> from <div class="ltr-1odx2my">…</div> subtree intercepts pointer events
     - retrying click action
       - waiting 500ms
       - waiting for element to be visible, enabled and stable
       - element is visible, enabled and stable
       - scrolling into view if needed
       - done scrolling
       - <div class="ltr-15zcp20">…</div> from <div class="ltr-1odx2my">…</div> subtree intercepts pointer events
     - retrying click action
       - waiting 500ms
       - waiting for element to be visible, enabled and stable
       - element is visible, enabled and stable
       - scrolling into view if needed
       - done scrolling
       - <div class="ltr-15zcp20">…</div> from <div class="ltr-1odx2my">…</div> subtree intercepts pointer events
  - retrying click action
    - waiting 500ms
    - waiting for element to be visible, enabled and stable
    - element is visible, enabled and stable
    - scrolling into view if needed
    - done scrolling
    - <p>Access and manage your report download requests. …</p> from <div class="ltr-1odx2my">…</div> subtree intercepts pointer events
  - retrying click action
    - waiting 500ms

2026-05-07 14:25:55,721 [WARNING] No pude abrir panel: Locator.click: Timeout 30000ms exceeded.
Call log:
  - waiting for locator("a:has-text(\"Manage Downloads\")").first
    - locator resolved to <a class="ltr-u991lu" id="downloadManager">Manage Downloads</a>
  - attempting click action
    2 × waiting for element to be visible, enabled and stable
      - element is visible, enabled and stable
      - scrolling into view if needed
      - done scrolling
      - <p>Access and manage your report download requests. …</p> from <div class="ltr-1odx2my">…</div> subtree intercepts pointer events
    - retrying click action
    - waiting 20ms
    - waiting for element to be visible, enabled and stable
    - element is visible, enabled and stable
    - scrolling into view if needed
    - done scrolling
    - <p>Access and manage your report download requests. …</p> from <div class="ltr-1odx2my">…</div> subtree intercepts pointer events
  2 × retrying click action
      - waiting 100ms
      - waiting for element to be visible, enabled and stable
      - element is visible, enabled and stable
      - scrolling into view if needed
      - done scrolling
      - <div class="ltr-15zcp20">…</div> from <div class="ltr-1odx2my">…</div> subtree intercepts pointer events
  13 × retrying click action
       - waiting 500ms
       - waiting for element to be visible, enabled and stable
       - element is visible, enabled and stable
       - scrolling into view if needed
       - done scrolling
       - <p>Access and manage your report download requests. …</p> from <div class="ltr-1odx2my">…</div> subtree intercepts pointer events
     - retrying click action
       - waiting 500ms
       - waiting for element to be visible, enabled and stable
       - element is visible, enabled and stable
       - scrolling into view if needed
       - done scrolling
       - <p>Access and manage your report download requests. …</p> from <div class="ltr-1odx2my">…</div> subtree intercepts pointer events
     - retrying click action
       - waiting 500ms
       - waiting for element to be visible, enabled and stable
       - element is visible, enabled and stable
       - scrolling into view if needed
       - done scrolling
       - <div class="ltr-15zcp20">…</div> from <div class="ltr-1odx2my">…</div> subtree intercepts pointer events
     - retrying click action
       - waiting 500ms
       - waiting for element to be visible, enabled and stable
       - element is visible, enabled and stable
       - scrolling into view if needed
       - done scrolling
       - <div class="ltr-15zcp20">…</div> from <div class="ltr-1odx2my">…</div> subtree intercepts pointer events
  - retrying click action
    - waiting 500ms

2026-05-07 14:26:35,921 [WARNING] No pude abrir panel: Locator.click: Timeout 30000ms exceeded.
Call log:
  - waiting for locator("a:has-text(\"Manage Downloads\")").first
    - locator resolved to <a class="ltr-u991lu" id="downloadManager">Manage Downloads</a>
  - attempting click action
    - waiting for element to be visible, enabled and stable
    - element is visible, enabled and stable
    - scrolling into view if needed
    - done scrolling
    - <div class="ltr-15zcp20">…</div> from <div class="ltr-1odx2my">…</div> subtree intercepts pointer events
  - retrying click action
    - waiting for element to be visible, enabled and stable
    - element is visible, enabled and stable
    - scrolling into view if needed
    - done scrolling
    - <p>Access and manage your report download requests. …</p> from <div class="ltr-1odx2my">…</div> subtree intercepts pointer events
  - retrying click action
    - waiting 20ms
    - waiting for element to be visible, enabled and stable
    - element is visible, enabled and stable
    - scrolling into view if needed
    - done scrolling
    - <p>Access and manage your report download requests. …</p> from <div class="ltr-1odx2my">…</div> subtree intercepts pointer events
  2 × retrying click action
      - waiting 100ms
      - waiting for element to be visible, enabled and stable
      - element is visible, enabled and stable
      - scrolling into view if needed
      - done scrolling
      - <div class="ltr-15zcp20">…</div> from <div class="ltr-1odx2my">…</div> subtree intercepts pointer events
  13 × retrying click action
       - waiting 500ms
       - waiting for element to be visible, enabled and stable
       - element is visible, enabled and stable
       - scrolling into view if needed
       - done scrolling
       - <p>Access and manage your report download requests. …</p> from <div class="ltr-1odx2my">…</div> subtree intercepts pointer events
     - retrying click action
       - waiting 500ms
       - waiting for element to be visible, enabled and stable
       - element is visible, enabled and stable
       - scrolling into view if needed
       - done scrolling
       - <p>Access and manage your report download requests. …</p> from <div class="ltr-1odx2my">…</div> subtree intercepts pointer events
     - retrying click action
       - waiting 500ms
       - waiting for element to be visible, enabled and stable
       - element is visible, enabled and stable
       - scrolling into view if needed
       - done scrolling
       - <div class="ltr-15zcp20">…</div> from <div class="ltr-1odx2my">…</div> subtree intercepts pointer events
     - retrying click action
       - waiting 500ms
       - waiting for element to be visible, enabled and stable
       - element is visible, enabled and stable
       - scrolling into view if needed
       - done scrolling
       - <div class="ltr-15zcp20">…</div> from <div class="ltr-1odx2my">…</div> subtree intercepts pointer events
  - retrying click action
    - waiting 500ms

2026-05-07 14:27:16,097 [WARNING] No pude abrir panel: Locator.click: Timeout 30000ms exceeded.
Call log:
  - waiting for locator("a:has-text(\"Manage Downloads\")").first
    - locator resolved to <a class="ltr-u991lu" id="downloadManager">Manage Downloads</a>
  - attempting click action
    - waiting for element to be visible, enabled and stable
    - element is visible, enabled and stable
    - scrolling into view if needed
    - done scrolling
    - <div class="ltr-15zcp20">…</div> from <div class="ltr-1odx2my">…</div> subtree intercepts pointer events
  - retrying click action
    - waiting for element to be visible, enabled and stable
    - element is visible, enabled and stable
    - scrolling into view if needed
    - done scrolling
    - <p>Access and manage your report download requests. …</p> from <div class="ltr-1odx2my">…</div> subtree intercepts pointer events
  - retrying click action
    - waiting 20ms
    - waiting for element to be visible, enabled and stable
    - element is visible, enabled and stable
    - scrolling into view if needed
    - done scrolling
    - <p>Access and manage your report download requests. …</p> from <div class="ltr-1odx2my">…</div> subtree intercepts pointer events
  2 × retrying click action
      - waiting 100ms
      - waiting for element to be visible, enabled and stable
      - element is visible, enabled and stable
      - scrolling into view if needed
      - done scrolling
      - <div class="ltr-15zcp20">…</div> from <div class="ltr-1odx2my">…</div> subtree intercepts pointer events
  13 × retrying click action
       - waiting 500ms
       - waiting for element to be visible, enabled and stable
       - element is visible, enabled and stable
       - scrolling into view if needed
       - done scrolling
       - <p>Access and manage your report download requests. …</p> from <div class="ltr-1odx2my">…</div> subtree intercepts pointer events
     - retrying click action
       - waiting 500ms
       - waiting for element to be visible, enabled and stable
       - element is visible, enabled and stable
       - scrolling into view if needed
       - done scrolling
       - <p>Access and manage your report download requests. …</p> from <div class="ltr-1odx2my">…</div> subtree intercepts pointer events
     - retrying click action
       - waiting 500ms
       - waiting for element to be visible, enabled and stable
       - element is visible, enabled and stable
       - scrolling into view if needed
       - done scrolling
       - <div class="ltr-15zcp20">…</div> from <div class="ltr-1odx2my">…</div> subtree intercepts pointer events
     - retrying click action
       - waiting 500ms
       - waiting for element to be visible, enabled and stable
       - element is visible, enabled and stable
       - scrolling into view if needed
       - done scrolling
       - <div class="ltr-15zcp20">…</div> from <div class="ltr-1odx2my">…</div> subtree intercepts pointer events
  - retrying click action
    - waiting 500ms

2026-05-07 14:27:26,100 [ERROR] Timeout para 2026-01-02
2026-05-07 14:27:26,101 [WARNING] No se pudo descargar 2026-01-02, continuando...
2026-05-07 14:27:37,044 [INFO] Progreso: 0 descargados.
2026-05-07 14:27:37,045 [INFO] ✓ Fin. 0 archivos en output/
2026-05-07 14:27:38,603 [INFO] Scraper finalizado.
2026-05-07 14:30:26,703 [INFO] ============================================================
2026-05-07 14:30:26,704 [INFO] Amazon Vendor Central — Sales Scraper
2026-05-07 14:30:26,704 [INFO] Período : 2026-01-02 → 2026-01-02
2026-05-07 14:30:26,704 [INFO] ============================================================
2026-05-07 14:30:34,002 [INFO] Cargando cookies desde cookies.json...
2026-05-07 14:30:34,039 [INFO] ✓ 28 cookies cargadas.
2026-05-07 14:30:34,039 [INFO] Verificando sesión con cookies...
2026-05-07 14:30:50,128 [INFO] URL tras cargar cookies: https://vendorcentral.amazon.com/vcnext?ref=homepage_redirect_vcnext
2026-05-07 14:30:50,900 [INFO] ✓ Sesión activa con cookies.
2026-05-07 14:30:50,901 [INFO] Total: 1 días (2026-01-02 → 2026-01-02)
2026-05-07 14:30:50,902 [INFO] Navegando a Sales...
2026-05-07 14:30:58,700 [INFO] --- Filtros para 2026-01-02 ---
2026-05-07 14:30:58,700 [INFO] Dropdown: 'Custom' → 'Daily'
2026-05-07 14:31:00,511 [INFO] js_click_option('Daily'): clicked
2026-05-07 14:31:02,454 [INFO] set_date: not found
2026-05-07 14:31:02,955 [INFO] Dropdown: 'Manufacturing' → 'Sourcing'
2026-05-07 14:31:05,958 [INFO] js_click_option('Sourcing'): clicked
2026-05-07 14:31:07,865 [INFO] Apply clickeado.
2026-05-07 14:31:09,930 [INFO] ✓ Tabla cargada.
2026-05-07 14:31:11,667 [INFO] Customize Columns → Select All → Save...
2026-05-07 14:31:19,684 [WARNING] Customize Columns error: Locator.wait_for: Timeout 8000ms exceeded.
Call log:
  - waiting for locator("text=/Customize Columns/i").first to be visible
    17 × locator resolved to hidden <div slot="title">Customize columns</div>

2026-05-07 14:31:20,265 [INFO] --- Filtros para 2026-01-02 ---
2026-05-07 14:31:20,267 [INFO] Dropdown: 'Custom' → 'Daily'
2026-05-07 14:31:21,828 [INFO] js_click_option('Daily'): clicked
2026-05-07 14:31:23,662 [INFO] set_date: not found
2026-05-07 14:31:24,165 [INFO] Dropdown: 'Manufacturing' → 'Sourcing'
2026-05-07 14:31:25,748 [INFO] js_click_option('Sourcing'): clicked
2026-05-07 14:32:07,050 [WARNING] Apply error: Locator.click: Timeout 30000ms exceeded.
Call log:
  - waiting for locator("button:has-text(\"Apply\")").first
    - locator resolved to <button disabled type="button" class="button">…</button>
  - attempting click action
    2 × waiting for element to be visible, enabled and stable
      - element is not enabled
    - retrying click action
    - waiting 20ms
    2 × waiting for element to be visible, enabled and stable
      - element is not enabled
    - retrying click action
      - waiting 100ms
    56 × waiting for element to be visible, enabled and stable
       - element is not enabled
     - retrying click action
       - waiting 500ms

2026-05-07 14:32:07,602 [INFO] Solicitando Excel...
2026-05-07 14:32:10,047 [INFO] ✓ Excel solicitado.
2026-05-07 14:32:10,048 [INFO] Esperando reporte '1-2-2026' en Manage Downloads...
2026-05-07 14:32:12,922 [INFO] Links 'Download' en panel: 8
2026-05-07 14:32:13,081 [INFO] No listo aún. Esperando 30s...
2026-05-07 14:33:13,193 [WARNING] No pude abrir panel: Locator.click: Timeout 30000ms exceeded.
Call log:
  - waiting for locator("a:has-text(\"Manage Downloads\")").first
    - locator resolved to <a class="ltr-u991lu" id="downloadManager">Manage Downloads</a>
  - attempting click action
    2 × waiting for element to be visible, enabled and stable
      - element is visible, enabled and stable
      - scrolling into view if needed
      - done scrolling
      - <p>Access and manage your report download requests. …</p> from <div class="ltr-1odx2my">…</div> subtree intercepts pointer events
    - retrying click action
    - waiting 20ms
    - waiting for element to be visible, enabled and stable
    - element is visible, enabled and stable
    - scrolling into view if needed
    - done scrolling
    - <p>Access and manage your report download requests. …</p> from <div class="ltr-1odx2my">…</div> subtree intercepts pointer events
  2 × retrying click action
      - waiting 100ms
      - waiting for element to be visible, enabled and stable
      - element is visible, enabled and stable
      - scrolling into view if needed
      - done scrolling
      - <div class="ltr-15zcp20">…</div> from <div class="ltr-1odx2my">…</div> subtree intercepts pointer events
  13 × retrying click action
       - waiting 500ms
       - waiting for element to be visible, enabled and stable
       - element is visible, enabled and stable
       - scrolling into view if needed
       - done scrolling
       - <p>Access and manage your report download requests. …</p> from <div class="ltr-1odx2my">…</div> subtree intercepts pointer events
     - retrying click action
       - waiting 500ms
       - waiting for element to be visible, enabled and stable
       - element is visible, enabled and stable
       - scrolling into view if needed
       - done scrolling
       - <p>Access and manage your report download requests. …</p> from <div class="ltr-1odx2my">…</div> subtree intercepts pointer events
     - retrying click action
       - waiting 500ms
       - waiting for element to be visible, enabled and stable
       - element is visible, enabled and stable
       - scrolling into view if needed
       - done scrolling
       - <div class="ltr-15zcp20">…</div> from <div class="ltr-1odx2my">…</div> subtree intercepts pointer events
     - retrying click action
       - waiting 500ms
       - waiting for element to be visible, enabled and stable
       - element is visible, enabled and stable
       - scrolling into view if needed
       - done scrolling
       - <div class="ltr-15zcp20">…</div> from <div class="ltr-1odx2my">…</div> subtree intercepts pointer events
  - retrying click action
    - waiting 500ms
    - waiting for element to be visible, enabled and stable
    - element is visible, enabled and stable
    - scrolling into view if needed
    - done scrolling
    - <p>Access and manage your report download requests. …</p> from <div class="ltr-1odx2my">…</div> subtree intercepts pointer events
  - retrying click action
    - waiting 500ms

2026-05-07 14:33:53,298 [WARNING] No pude abrir panel: Locator.click: Timeout 30000ms exceeded.
Call log:
  - waiting for locator("a:has-text(\"Manage Downloads\")").first
    - locator resolved to <a class="ltr-u991lu" id="downloadManager">Manage Downloads</a>
  - attempting click action
    2 × waiting for element to be visible, enabled and stable
      - element is visible, enabled and stable
      - scrolling into view if needed
      - done scrolling
      - <p>Access and manage your report download requests. …</p> from <div class="ltr-1odx2my">…</div> subtree intercepts pointer events
    - retrying click action
    - waiting 20ms
    - waiting for element to be visible, enabled and stable
    - element is visible, enabled and stable
    - scrolling into view if needed
    - done scrolling
    - <p>Access and manage your report download requests. …</p> from <div class="ltr-1odx2my">…</div> subtree intercepts pointer events
  2 × retrying click action
      - waiting 100ms
      - waiting for element to be visible, enabled and stable
      - element is visible, enabled and stable
      - scrolling into view if needed
      - done scrolling
      - <div class="ltr-15zcp20">…</div> from <div class="ltr-1odx2my">…</div> subtree intercepts pointer events
  13 × retrying click action
       - waiting 500ms
       - waiting for element to be visible, enabled and stable
       - element is visible, enabled and stable
       - scrolling into view if needed
       - done scrolling
       - <p>Access and manage your report download requests. …</p> from <div class="ltr-1odx2my">…</div> subtree intercepts pointer events
     - retrying click action
       - waiting 500ms
       - waiting for element to be visible, enabled and stable
       - element is visible, enabled and stable
       - scrolling into view if needed
       - done scrolling
       - <p>Access and manage your report download requests. …</p> from <div class="ltr-1odx2my">…</div> subtree intercepts pointer events
     - retrying click action
       - waiting 500ms
       - waiting for element to be visible, enabled and stable
       - element is visible, enabled and stable
       - scrolling into view if needed
       - done scrolling
       - <div class="ltr-15zcp20">…</div> from <div class="ltr-1odx2my">…</div> subtree intercepts pointer events
     - retrying click action
       - waiting 500ms
       - waiting for element to be visible, enabled and stable
       - element is visible, enabled and stable
       - scrolling into view if needed
       - done scrolling
       - <div class="ltr-15zcp20">…</div> from <div class="ltr-1odx2my">…</div> subtree intercepts pointer events
  - retrying click action
    - waiting 500ms
    - waiting for element to be visible, enabled and stable
    - element is visible, enabled and stable
    - scrolling into view if needed
    - done scrolling
    - <p>Access and manage your report download requests. …</p> from <div class="ltr-1odx2my">…</div> subtree intercepts pointer events
  - retrying click action
    - waiting 500ms

2026-05-07 14:34:33,412 [WARNING] No pude abrir panel: Locator.click: Timeout 30000ms exceeded.
Call log:
  - waiting for locator("a:has-text(\"Manage Downloads\")").first
    - locator resolved to <a class="ltr-u991lu" id="downloadManager">Manage Downloads</a>
  - attempting click action
    2 × waiting for element to be visible, enabled and stable
      - element is visible, enabled and stable
      - scrolling into view if needed
      - done scrolling
      - <p>Access and manage your report download requests. …</p> from <div class="ltr-1odx2my">…</div> subtree intercepts pointer events
    - retrying click action
    - waiting 20ms
    - waiting for element to be visible, enabled and stable
    - element is visible, enabled and stable
    - scrolling into view if needed
    - done scrolling
    - <p>Access and manage your report download requests. …</p> from <div class="ltr-1odx2my">…</div> subtree intercepts pointer events
  2 × retrying click action
      - waiting 100ms
      - waiting for element to be visible, enabled and stable
      - element is visible, enabled and stable
      - scrolling into view if needed
      - done scrolling
      - <div class="ltr-15zcp20">…</div> from <div class="ltr-1odx2my">…</div> subtree intercepts pointer events
  13 × retrying click action
       - waiting 500ms
       - waiting for element to be visible, enabled and stable
       - element is visible, enabled and stable
       - scrolling into view if needed
       - done scrolling
       - <p>Access and manage your report download requests. …</p> from <div class="ltr-1odx2my">…</div> subtree intercepts pointer events
     - retrying click action
       - waiting 500ms
       - waiting for element to be visible, enabled and stable
       - element is visible, enabled and stable
       - scrolling into view if needed
       - done scrolling
       - <p>Access and manage your report download requests. …</p> from <div class="ltr-1odx2my">…</div> subtree intercepts pointer events
     - retrying click action
       - waiting 500ms
       - waiting for element to be visible, enabled and stable
       - element is visible, enabled and stable
       - scrolling into view if needed
       - done scrolling
       - <div class="ltr-15zcp20">…</div> from <div class="ltr-1odx2my">…</div> subtree intercepts pointer events
     - retrying click action
       - waiting 500ms
       - waiting for element to be visible, enabled and stable
       - element is visible, enabled and stable
       - scrolling into view if needed
       - done scrolling
       - <div class="ltr-15zcp20">…</div> from <div class="ltr-1odx2my">…</div> subtree intercepts pointer events
  - retrying click action
    - waiting 500ms

2026-05-07 14:35:13,523 [WARNING] No pude abrir panel: Locator.click: Timeout 30000ms exceeded.
Call log:
  - waiting for locator("a:has-text(\"Manage Downloads\")").first
    - locator resolved to <a class="ltr-u991lu" id="downloadManager">Manage Downloads</a>
  - attempting click action
    - waiting for element to be visible, enabled and stable
    - element is visible, enabled and stable
    - scrolling into view if needed
    - done scrolling
    - <div class="ltr-15zcp20">…</div> from <div class="ltr-1odx2my">…</div> subtree intercepts pointer events
  - retrying click action
    - waiting for element to be visible, enabled and stable
    - element is visible, enabled and stable
    - scrolling into view if needed
    - done scrolling
    - <p>Access and manage your report download requests. …</p> from <div class="ltr-1odx2my">…</div> subtree intercepts pointer events
  - retrying click action
    - waiting 20ms
    - waiting for element to be visible, enabled and stable
    - element is visible, enabled and stable
    - scrolling into view if needed
    - done scrolling
    - <p>Access and manage your report download requests. …</p> from <div class="ltr-1odx2my">…</div> subtree intercepts pointer events
  2 × retrying click action
      - waiting 100ms
      - waiting for element to be visible, enabled and stable
      - element is visible, enabled and stable
      - scrolling into view if needed
      - done scrolling
      - <div class="ltr-15zcp20">…</div> from <div class="ltr-1odx2my">…</div> subtree intercepts pointer events
  13 × retrying click action
       - waiting 500ms
       - waiting for element to be visible, enabled and stable
       - element is visible, enabled and stable
       - scrolling into view if needed
       - done scrolling
       - <p>Access and manage your report download requests. …</p> from <div class="ltr-1odx2my">…</div> subtree intercepts pointer events
     - retrying click action
       - waiting 500ms
       - waiting for element to be visible, enabled and stable
       - element is visible, enabled and stable
       - scrolling into view if needed
       - done scrolling
       - <p>Access and manage your report download requests. …</p> from <div class="ltr-1odx2my">…</div> subtree intercepts pointer events
     - retrying click action
       - waiting 500ms
       - waiting for element to be visible, enabled and stable
       - element is visible, enabled and stable
       - scrolling into view if needed
       - done scrolling
       - <div class="ltr-15zcp20">…</div> from <div class="ltr-1odx2my">…</div> subtree intercepts pointer events
     - retrying click action
       - waiting 500ms
       - waiting for element to be visible, enabled and stable
       - element is visible, enabled and stable
       - scrolling into view if needed
       - done scrolling
       - <div class="ltr-15zcp20">…</div> from <div class="ltr-1odx2my">…</div> subtree intercepts pointer events
  - retrying click action
    - waiting 500ms
    - waiting for element to be visible, enabled and stable
    - element is visible, enabled and stable
    - scrolling into view if needed
    - done scrolling
    - <p>Access and manage your report download requests. …</p> from <div class="ltr-1odx2my">…</div> subtree intercepts pointer events
  - retrying click action
    - waiting 500ms

2026-05-07 14:35:53,627 [WARNING] No pude abrir panel: Locator.click: Timeout 30000ms exceeded.
Call log:
  - waiting for locator("a:has-text(\"Manage Downloads\")").first
    - locator resolved to <a class="ltr-u991lu" id="downloadManager">Manage Downloads</a>
  - attempting click action
    2 × waiting for element to be visible, enabled and stable
      - element is visible, enabled and stable
      - scrolling into view if needed
      - done scrolling
      - <p>Access and manage your report download requests. …</p> from <div class="ltr-1odx2my">…</div> subtree intercepts pointer events
    - retrying click action
    - waiting 20ms
    - waiting for element to be visible, enabled and stable
    - element is visible, enabled and stable
    - scrolling into view if needed
    - done scrolling
    - <p>Access and manage your report download requests. …</p> from <div class="ltr-1odx2my">…</div> subtree intercepts pointer events
  2 × retrying click action
      - waiting 100ms
      - waiting for element to be visible, enabled and stable
      - element is visible, enabled and stable
      - scrolling into view if needed
      - done scrolling
      - <div class="ltr-15zcp20">…</div> from <div class="ltr-1odx2my">…</div> subtree intercepts pointer events
  12 × retrying click action
       - waiting 500ms
       - waiting for element to be visible, enabled and stable
       - element is visible, enabled and stable
       - scrolling into view if needed
       - done scrolling
       - <p>Access and manage your report download requests. …</p> from <div class="ltr-1odx2my">…</div> subtree intercepts pointer events
     - retrying click action
       - waiting 500ms
       - waiting for element to be visible, enabled and stable
       - element is visible, enabled and stable
       - scrolling into view if needed
       - done scrolling
       - <p>Access and manage your report download requests. …</p> from <div class="ltr-1odx2my">…</div> subtree intercepts pointer events
     - retrying click action
       - waiting 500ms
       - waiting for element to be visible, enabled and stable
       - element is visible, enabled and stable
       - scrolling into view if needed
       - done scrolling
       - <div class="ltr-15zcp20">…</div> from <div class="ltr-1odx2my">…</div> subtree intercepts pointer events
     - retrying click action
       - waiting 500ms
       - waiting for element to be visible, enabled and stable
       - element is visible, enabled and stable
       - scrolling into view if needed
       - done scrolling
       - <div class="ltr-15zcp20">…</div> from <div class="ltr-1odx2my">…</div> subtree intercepts pointer events
  2 × retrying click action
      - waiting 500ms
      - waiting for element to be visible, enabled and stable
      - element is visible, enabled and stable
      - scrolling into view if needed
      - done scrolling
      - <p>Access and manage your report download requests. …</p> from <div class="ltr-1odx2my">…</div> subtree intercepts pointer events
  - retrying click action
    - waiting 500ms

2026-05-07 14:36:33,770 [WARNING] No pude abrir panel: Locator.click: Timeout 30000ms exceeded.
Call log:
  - waiting for locator("a:has-text(\"Manage Downloads\")").first
    - locator resolved to <a class="ltr-u991lu" id="downloadManager">Manage Downloads</a>
  - attempting click action
    2 × waiting for element to be visible, enabled and stable
      - element is visible, enabled and stable
      - scrolling into view if needed
      - done scrolling
      - <p>Access and manage your report download requests. …</p> from <div class="ltr-1odx2my">…</div> subtree intercepts pointer events
    - retrying click action
    - waiting 20ms
    - waiting for element to be visible, enabled and stable
    - element is visible, enabled and stable
    - scrolling into view if needed
    - done scrolling
    - <p>Access and manage your report download requests. …</p> from <div class="ltr-1odx2my">…</div> subtree intercepts pointer events
  2 × retrying click action
      - waiting 100ms
      - waiting for element to be visible, enabled and stable
      - element is visible, enabled and stable
      - scrolling into view if needed
      - done scrolling
      - <div class="ltr-15zcp20">…</div> from <div class="ltr-1odx2my">…</div> subtree intercepts pointer events
  5 × retrying click action
      - waiting 500ms
      - waiting for element to be visible, enabled and stable
      - element is visible, enabled and stable
      - scrolling into view if needed
      - done scrolling
      - <p>Access and manage your report download requests. …</p> from <div class="ltr-1odx2my">…</div> subtree intercepts pointer events
    - retrying click action
      - waiting 500ms
      - waiting for element to be visible, enabled and stable
      - element is visible, enabled and stable
      - scrolling into view if needed
      - done scrolling
      - <p>Access and manage your report download requests. …</p> from <div class="ltr-1odx2my">…</div> subtree intercepts pointer events
    - retrying click action
      - waiting 500ms
      - waiting for element to be visible, enabled and stable
      - element is visible, enabled and stable
      - scrolling into view if needed
      - done scrolling
      - <div class="ltr-15zcp20">…</div> from <div class="ltr-1odx2my">…</div> subtree intercepts pointer events
    - retrying click action
      - waiting 500ms
      - waiting for element to be visible, enabled and stable
      - element is visible, enabled and stable
      - scrolling into view if needed
      - done scrolling
      - <div class="ltr-15zcp20">…</div> from <div class="ltr-1odx2my">…</div> subtree intercepts pointer events
  2 × retrying click action
      - waiting 500ms
      - waiting for element to be visible, enabled and stable
      - element is visible, enabled and stable
      - scrolling into view if needed
      - done scrolling
      - <p>Access and manage your report download requests. …</p> from <div class="ltr-1odx2my">…</div> subtree intercepts pointer events
  - retrying click action
    - waiting 500ms
    - waiting for element to be visible, enabled and stable
    - element is not stable
  3 × retrying click action
      - waiting 500ms
      - waiting for element to be visible, enabled and stable
      - element is visible, enabled and stable
      - scrolling into view if needed
      - done scrolling
      - <p>Access and manage your report download requests. …</p> from <div class="ltr-1odx2my">…</div> subtree intercepts pointer events
  6 × retrying click action
      - waiting 500ms
      - waiting for element to be visible, enabled and stable
      - element is visible, enabled and stable
      - scrolling into view if needed
      - done scrolling
      - <div class="ltr-15zcp20">…</div> from <div class="ltr-1odx2my">…</div> subtree intercepts pointer events
    - retrying click action
      - waiting 500ms
      - waiting for element to be visible, enabled and stable
      - element is visible, enabled and stable
      - scrolling into view if needed
      - done scrolling
      - <div class="ltr-15zcp20">…</div> from <div class="ltr-1odx2my">…</div> subtree intercepts pointer events
    - retrying click action
      - waiting 500ms
      - waiting for element to be visible, enabled and stable
      - element is visible, enabled and stable
      - scrolling into view if needed
      - done scrolling
      - <p>Access and manage your report download requests. …</p> from <div class="ltr-1odx2my">…</div> subtree intercepts pointer events
    - retrying click action
      - waiting 500ms
      - waiting for element to be visible, enabled and stable
      - element is visible, enabled and stable
      - scrolling into view if needed
      - done scrolling
      - <p>Access and manage your report download requests. …</p> from <div class="ltr-1odx2my">…</div> subtree intercepts pointer events
  2 × retrying click action
      - waiting 500ms
      - waiting for element to be visible, enabled and stable
      - element is visible, enabled and stable
      - scrolling into view if needed
      - done scrolling
      - <div class="ltr-15zcp20">…</div> from <div class="ltr-1odx2my">…</div> subtree intercepts pointer events
  - retrying click action
    - waiting 500ms

2026-05-07 14:37:13,846 [WARNING] No pude abrir panel: Locator.click: Timeout 30000ms exceeded.
Call log:
  - waiting for locator("a:has-text(\"Manage Downloads\")").first
    - locator resolved to <a class="ltr-u991lu" id="downloadManager">Manage Downloads</a>
  - attempting click action
    - waiting for element to be visible, enabled and stable
    - element is visible, enabled and stable
    - scrolling into view if needed
    - done scrolling
    - <div class="ltr-15zcp20">…</div> from <div class="ltr-1odx2my">…</div> subtree intercepts pointer events
  - retrying click action
    - waiting for element to be visible, enabled and stable
    - element is visible, enabled and stable
    - scrolling into view if needed
    - done scrolling
    - <p>Access and manage your report download requests. …</p> from <div class="ltr-1odx2my">…</div> subtree intercepts pointer events
  - retrying click action
    - waiting 20ms
    - waiting for element to be visible, enabled and stable
    - element is visible, enabled and stable
    - scrolling into view if needed
    - done scrolling
    - <p>Access and manage your report download requests. …</p> from <div class="ltr-1odx2my">…</div> subtree intercepts pointer events
  2 × retrying click action
      - waiting 100ms
      - waiting for element to be visible, enabled and stable
      - element is visible, enabled and stable
      - scrolling into view if needed
      - done scrolling
      - <div class="ltr-15zcp20">…</div> from <div class="ltr-1odx2my">…</div> subtree intercepts pointer events
  13 × retrying click action
       - waiting 500ms
       - waiting for element to be visible, enabled and stable
       - element is visible, enabled and stable
       - scrolling into view if needed
       - done scrolling
       - <p>Access and manage your report download requests. …</p> from <div class="ltr-1odx2my">…</div> subtree intercepts pointer events
     - retrying click action
       - waiting 500ms
       - waiting for element to be visible, enabled and stable
       - element is visible, enabled and stable
       - scrolling into view if needed
       - done scrolling
       - <p>Access and manage your report download requests. …</p> from <div class="ltr-1odx2my">…</div> subtree intercepts pointer events
     - retrying click action
       - waiting 500ms
       - waiting for element to be visible, enabled and stable
       - element is visible, enabled and stable
       - scrolling into view if needed
       - done scrolling
       - <div class="ltr-15zcp20">…</div> from <div class="ltr-1odx2my">…</div> subtree intercepts pointer events
     - retrying click action
       - waiting 500ms
       - waiting for element to be visible, enabled and stable
       - element is visible, enabled and stable
       - scrolling into view if needed
       - done scrolling
       - <div class="ltr-15zcp20">…</div> from <div class="ltr-1odx2my">…</div> subtree intercepts pointer events
  - retrying click action
    - waiting 500ms

2026-05-07 14:37:23,850 [ERROR] Timeout para 2026-01-02
2026-05-07 14:37:23,851 [WARNING] No se pudo descargar 2026-01-02, continuando...
2026-05-07 14:37:33,464 [INFO] Progreso: 0 descargados.
2026-05-07 14:37:33,465 [INFO] ✓ Fin. 0 archivos en output/
2026-05-07 14:37:36,756 [INFO] Scraper finalizado.
2026-05-07 14:38:51,755 [INFO] ============================================================
2026-05-07 14:38:51,756 [INFO] Amazon Vendor Central — Sales Scraper
2026-05-07 14:38:51,757 [INFO] Período : 2026-01-02 → 2026-01-02
2026-05-07 14:38:51,758 [INFO] ============================================================
2026-05-07 14:39:02,081 [INFO] Cargando cookies desde cookies.json...
2026-05-07 14:39:02,321 [INFO] ✓ 28 cookies cargadas.
2026-05-07 14:39:02,326 [INFO] Verificando sesión con cookies...
2026-05-07 14:39:20,545 [INFO] URL tras cargar cookies: https://vendorcentral.amazon.com/vcnext?ref=homepage_redirect_vcnext
2026-05-07 14:39:21,796 [INFO] ✓ Sesión activa con cookies.
2026-05-07 14:39:21,796 [INFO] Total: 1 días (2026-01-02 → 2026-01-02)
2026-05-07 14:39:21,796 [INFO] Navegando a Sales...
2026-05-07 14:39:28,564 [INFO] --- Filtros para 2026-01-02 ---
2026-05-07 14:39:28,567 [INFO] Dropdown: 'Custom' → 'Daily'
2026-05-07 14:39:30,598 [INFO] js_click_option('Daily'): clicked
2026-05-07 14:39:32,428 [INFO] set_date: not found
2026-05-07 14:39:32,929 [INFO] Dropdown: 'Manufacturing' → 'Sourcing'
2026-05-07 14:39:34,723 [INFO] js_click_option('Sourcing'): clicked
2026-05-07 14:39:35,795 [INFO] Apply clickeado.
2026-05-07 14:39:37,895 [INFO] ✓ Tabla cargada.
2026-05-07 14:39:38,622 [INFO] Customize Columns → Select All → Save...
2026-05-07 14:39:46,664 [WARNING] Customize Columns error: Locator.wait_for: Timeout 8000ms exceeded.
Call log:
  - waiting for locator("text=/Customize Columns/i").first to be visible
    17 × locator resolved to hidden <div slot="title">Customize columns</div>

2026-05-07 14:39:47,150 [INFO] --- Filtros para 2026-01-02 ---
2026-05-07 14:39:47,163 [INFO] Dropdown: 'Custom' → 'Daily'
2026-05-07 14:39:48,852 [INFO] js_click_option('Daily'): clicked
2026-05-07 14:39:50,674 [INFO] set_date: not found
2026-05-07 14:39:51,181 [INFO] Dropdown: 'Manufacturing' → 'Sourcing'
2026-05-07 14:39:52,765 [INFO] js_click_option('Sourcing'): clicked
2026-05-07 14:40:34,021 [WARNING] Apply error: Locator.click: Timeout 30000ms exceeded.
Call log:
  - waiting for locator("button:has-text(\"Apply\")").first
    - locator resolved to <button disabled type="button" class="button">…</button>
  - attempting click action
    2 × waiting for element to be visible, enabled and stable
      - element is not enabled
    - retrying click action
    - waiting 20ms
    2 × waiting for element to be visible, enabled and stable
      - element is not enabled
    - retrying click action
      - waiting 100ms
    56 × waiting for element to be visible, enabled and stable
       - element is not enabled
     - retrying click action
       - waiting 500ms

2026-05-07 14:40:34,619 [INFO] Solicitando Excel...
2026-05-07 14:40:37,398 [INFO] ✓ Excel solicitado.
2026-05-07 14:40:37,398 [INFO] Esperando reporte '1-2-2026' en Manage Downloads...
2026-05-07 14:40:40,081 [INFO] Links 'Download' en panel: 8
2026-05-07 14:40:40,250 [INFO] No listo aún. Esperando 30s...
2026-05-07 14:41:13,350 [INFO] Links 'Download' en panel: 9
2026-05-07 14:41:13,532 [INFO] No listo aún. Esperando 30s...
2026-05-07 14:41:46,316 [INFO] Links 'Download' en panel: 9
2026-05-07 14:41:46,490 [INFO] No listo aún. Esperando 30s...
2026-05-07 14:42:19,205 [INFO] Links 'Download' en panel: 9
2026-05-07 14:42:19,361 [INFO] No listo aún. Esperando 30s...
2026-05-07 14:42:52,301 [INFO] Links 'Download' en panel: 9
2026-05-07 14:42:52,497 [INFO] No listo aún. Esperando 30s...
2026-05-07 14:43:25,202 [INFO] Links 'Download' en panel: 9
2026-05-07 14:43:25,368 [INFO] No listo aún. Esperando 30s...
2026-05-07 14:43:58,120 [INFO] Links 'Download' en panel: 9
2026-05-07 14:43:58,284 [INFO] No listo aún. Esperando 30s...
2026-05-07 14:44:30,856 [INFO] Links 'Download' en panel: 9
2026-05-07 14:44:31,031 [INFO] No listo aún. Esperando 30s...
2026-05-07 14:45:03,826 [INFO] Links 'Download' en panel: 9
2026-05-07 14:45:04,051 [INFO] No listo aún. Esperando 30s...
2026-05-07 14:45:36,930 [INFO] Links 'Download' en panel: 9
2026-05-07 14:45:37,115 [INFO] No listo aún. Esperando 30s...
2026-05-07 14:46:07,131 [ERROR] Timeout para 2026-01-02
2026-05-07 14:46:07,131 [WARNING] No se pudo descargar 2026-01-02, continuando...
2026-05-07 14:46:18,344 [INFO] Progreso: 0 descargados.
2026-05-07 14:46:18,345 [INFO] ✓ Fin. 0 archivos en output/
2026-05-07 14:46:22,165 [INFO] Scraper finalizado.
2026-05-07 14:47:59,913 [INFO] ============================================================
2026-05-07 14:47:59,913 [INFO] Amazon Vendor Central — Sales Scraper
2026-05-07 14:47:59,914 [INFO] Período : 2026-01-02 → 2026-01-02
2026-05-07 14:47:59,914 [INFO] ============================================================
2026-05-07 14:48:07,203 [INFO] Cargando cookies desde cookies.json...
2026-05-07 14:48:08,092 [INFO] ✓ 28 cookies cargadas.
2026-05-07 14:48:08,094 [INFO] Verificando sesión con cookies...
2026-05-07 14:48:19,038 [INFO] URL tras cargar cookies: https://vendorcentral.amazon.com/vcnext?ref=homepage_redirect_vcnext
2026-05-07 14:48:20,469 [INFO] ✓ Sesión activa con cookies.
2026-05-07 14:48:20,471 [INFO] Total: 1 días (2026-01-02 → 2026-01-02)
2026-05-07 14:48:20,472 [INFO] Navegando a Sales...
2026-05-07 14:48:28,245 [INFO] --- Filtros para 2026-01-02 ---
2026-05-07 14:48:28,247 [INFO] Dropdown: 'Custom' → 'Daily'
2026-05-07 14:48:30,052 [INFO] js_click_option('Daily'): clicked
2026-05-07 14:48:32,004 [INFO] set_date: not found
2026-05-07 14:48:32,522 [INFO] Dropdown: 'Manufacturing' → 'Sourcing'
2026-05-07 14:48:34,369 [INFO] js_click_option('Sourcing'): clicked
2026-05-07 14:48:35,613 [INFO] Apply clickeado.
2026-05-07 14:48:37,718 [INFO] ✓ Tabla cargada.
2026-05-07 14:48:38,753 [INFO] Customize Columns → Select All → Save...
2026-05-07 14:48:46,788 [WARNING] Customize Columns error: Locator.wait_for: Timeout 8000ms exceeded.
Call log:
  - waiting for locator("text=/Customize Columns/i").first to be visible
    18 × locator resolved to hidden <div slot="title">Customize columns</div>

2026-05-07 14:48:47,240 [INFO] --- Filtros para 2026-01-02 ---
2026-05-07 14:48:47,240 [INFO] Dropdown: 'Custom' → 'Daily'
2026-05-07 14:48:48,783 [INFO] js_click_option('Daily'): clicked
2026-05-07 14:48:50,612 [INFO] set_date: not found
2026-05-07 14:48:51,114 [INFO] Dropdown: 'Manufacturing' → 'Sourcing'
2026-05-07 14:48:52,696 [INFO] js_click_option('Sourcing'): clicked
2026-05-07 14:49:33,959 [WARNING] Apply error: Locator.click: Timeout 30000ms exceeded.
Call log:
  - waiting for locator("button:has-text(\"Apply\")").first
    - locator resolved to <button disabled type="button" class="button">…</button>
  - attempting click action
    2 × waiting for element to be visible, enabled and stable
      - element is not enabled
    - retrying click action
    - waiting 20ms
    2 × waiting for element to be visible, enabled and stable
      - element is not enabled
    - retrying click action
      - waiting 100ms
    56 × waiting for element to be visible, enabled and stable
       - element is not enabled
     - retrying click action
       - waiting 500ms

2026-05-07 14:49:34,591 [INFO] Solicitando Excel...
2026-05-07 14:49:37,137 [INFO] ✓ Excel solicitado.
2026-05-07 14:49:37,145 [INFO] Esperando reporte '1-2-2026' en Manage Downloads...
2026-05-07 14:49:39,914 [INFO] Links 'Download' en panel: 8
2026-05-07 14:49:39,943 [INFO] Fila: Download Manager

Access and manage your report download requests. Reports are available to download for 5 days.

Status	
Report Name
Date Requested


2026-05-07 14:49:39,983 [INFO] Fila: Download Manager

Access and manage your report download requests. Reports are available to download for 5 days.

Status	
Report Name
Date Requested


2026-05-07 14:49:40,024 [INFO] Fila: Download Manager

Access and manage your report download requests. Reports are available to download for 5 days.

Status	
Report Name
Date Requested


2026-05-07 14:49:40,056 [INFO] Fila: Download Manager

Access and manage your report download requests. Reports are available to download for 5 days.

Status	
Report Name
Date Requested


2026-05-07 14:49:40,084 [INFO] Fila: Download Manager

Access and manage your report download requests. Reports are available to download for 5 days.

Status	
Report Name
Date Requested


2026-05-07 14:49:40,110 [INFO] Fila: Download Manager

Access and manage your report download requests. Reports are available to download for 5 days.

Status	
Report Name
Date Requested


2026-05-07 14:49:40,128 [INFO] Fila: Sales
Real Time Sales
Inventory
Traffic
Forecasting
Direct Fulfillment Forecasting
Net PPM
Catalog
Manage Downloads
2026-05-07 14:49:40,152 [INFO] Fila: Time frame
Day
View By
Distributor View
Program View
Download
Your report has been requested. View and manage your downloads.
2026-05-07 14:49:40,152 [INFO] No listo aún. Esperando 30s...
2026-05-07 14:50:12,889 [INFO] Links 'Download' en panel: 9
2026-05-07 14:50:12,925 [INFO] Fila: Download Manager

Access and manage your report download requests. Reports are available to download for 5 days.

Status	
Report Name
Date Requested


2026-05-07 14:50:12,959 [INFO] Fila: Download Manager

Access and manage your report download requests. Reports are available to download for 5 days.

Status	
Report Name
Date Requested


2026-05-07 14:50:12,992 [INFO] Fila: Download Manager

Access and manage your report download requests. Reports are available to download for 5 days.

Status	
Report Name
Date Requested


2026-05-07 14:50:13,020 [INFO] Fila: Download Manager

Access and manage your report download requests. Reports are available to download for 5 days.

Status	
Report Name
Date Requested


2026-05-07 14:50:13,045 [INFO] Fila: Download Manager

Access and manage your report download requests. Reports are available to download for 5 days.

Status	
Report Name
Date Requested


2026-05-07 14:50:13,070 [INFO] Fila: Download Manager

Access and manage your report download requests. Reports are available to download for 5 days.

Status	
Report Name
Date Requested


2026-05-07 14:50:13,095 [INFO] Fila: Download Manager

Access and manage your report download requests. Reports are available to download for 5 days.

Status	
Report Name
Date Requested


2026-05-07 14:50:13,117 [INFO] Fila: Sales
Real Time Sales
Inventory
Traffic
Forecasting
Direct Fulfillment Forecasting
Net PPM
Catalog
Manage Downloads
2026-05-07 14:50:13,143 [INFO] Fila: Time frame
Day
View By
Distributor View
Program View
Download
Your report has been requested. View and manage your downloads.
2026-05-07 14:50:13,146 [INFO] No listo aún. Esperando 30s...
2026-05-07 14:50:45,912 [INFO] Links 'Download' en panel: 9
2026-05-07 14:50:45,938 [INFO] Fila: Download Manager

Access and manage your report download requests. Reports are available to download for 5 days.

Status	
Report Name
Date Requested


2026-05-07 14:50:45,957 [INFO] Fila: Download Manager

Access and manage your report download requests. Reports are available to download for 5 days.

Status	
Report Name
Date Requested


2026-05-07 14:50:45,975 [INFO] Fila: Download Manager

Access and manage your report download requests. Reports are available to download for 5 days.

Status	
Report Name
Date Requested


2026-05-07 14:50:46,008 [INFO] Fila: Download Manager

Access and manage your report download requests. Reports are available to download for 5 days.

Status	
Report Name
Date Requested


2026-05-07 14:50:46,043 [INFO] Fila: Download Manager

Access and manage your report download requests. Reports are available to download for 5 days.

Status	
Report Name
Date Requested


2026-05-07 14:50:46,086 [INFO] Fila: Download Manager

Access and manage your report download requests. Reports are available to download for 5 days.

Status	
Report Name
Date Requested


2026-05-07 14:50:46,107 [INFO] Fila: Download Manager

Access and manage your report download requests. Reports are available to download for 5 days.

Status	
Report Name
Date Requested


2026-05-07 14:50:46,137 [INFO] Fila: Sales
Real Time Sales
Inventory
Traffic
Forecasting
Direct Fulfillment Forecasting
Net PPM
Catalog
Manage Downloads
2026-05-07 14:50:46,167 [INFO] Fila: Time frame
Day
View By
Distributor View
Program View
Download
Your report has been requested. View and manage your downloads.
2026-05-07 14:50:46,171 [INFO] No listo aún. Esperando 30s...
2026-05-07 14:51:19,067 [INFO] Links 'Download' en panel: 9
2026-05-07 14:51:19,118 [INFO] Fila: Download Manager

Access and manage your report download requests. Reports are available to download for 5 days.

Status	
Report Name
Date Requested


2026-05-07 14:51:19,151 [INFO] Fila: Download Manager

Access and manage your report download requests. Reports are available to download for 5 days.

Status	
Report Name
Date Requested


2026-05-07 14:51:19,181 [INFO] Fila: Download Manager

Access and manage your report download requests. Reports are available to download for 5 days.

Status	
Report Name
Date Requested


2026-05-07 14:51:19,210 [INFO] Fila: Download Manager

Access and manage your report download requests. Reports are available to download for 5 days.

Status	
Report Name
Date Requested


2026-05-07 14:51:19,231 [INFO] Fila: Download Manager

Access and manage your report download requests. Reports are available to download for 5 days.

Status	
Report Name
Date Requested


2026-05-07 14:51:19,263 [INFO] Fila: Download Manager

Access and manage your report download requests. Reports are available to download for 5 days.

Status	
Report Name
Date Requested


2026-05-07 14:51:19,293 [INFO] Fila: Download Manager

Access and manage your report download requests. Reports are available to download for 5 days.

Status	
Report Name
Date Requested


2026-05-07 14:51:19,315 [INFO] Fila: Sales
Real Time Sales
Inventory
Traffic
Forecasting
Direct Fulfillment Forecasting
Net PPM
Catalog
Manage Downloads
2026-05-07 14:51:19,342 [INFO] Fila: Time frame
Day
View By
Distributor View
Program View
Download
Your report has been requested. View and manage your downloads.
2026-05-07 14:51:19,344 [INFO] No listo aún. Esperando 30s...
2026-05-07 14:51:52,575 [INFO] Links 'Download' en panel: 9
2026-05-07 14:51:52,640 [INFO] Fila: Download Manager

Access and manage your report download requests. Reports are available to download for 5 days.

Status	
Report Name
Date Requested


2026-05-07 14:51:52,721 [INFO] Fila: Download Manager

Access and manage your report download requests. Reports are available to download for 5 days.

Status	
Report Name
Date Requested


2026-05-07 14:51:52,809 [INFO] Fila: Download Manager

Access and manage your report download requests. Reports are available to download for 5 days.

Status	
Report Name
Date Requested


2026-05-07 14:51:52,838 [INFO] Fila: Download Manager

Access and manage your report download requests. Reports are available to download for 5 days.

Status	
Report Name
Date Requested


2026-05-07 14:51:52,873 [INFO] Fila: Download Manager

Access and manage your report download requests. Reports are available to download for 5 days.

Status	
Report Name
Date Requested


2026-05-07 14:51:52,904 [INFO] Fila: Download Manager

Access and manage your report download requests. Reports are available to download for 5 days.

Status	
Report Name
Date Requested


2026-05-07 14:51:52,928 [INFO] Fila: Download Manager

Access and manage your report download requests. Reports are available to download for 5 days.

Status	
Report Name
Date Requested


2026-05-07 14:51:52,956 [INFO] Fila: Sales
Real Time Sales
Inventory
Traffic
Forecasting
Direct Fulfillment Forecasting
Net PPM
Catalog
Manage Downloads
2026-05-07 14:51:52,988 [INFO] Fila: Time frame
Day
View By
Distributor View
Program View
Download
Your report has been requested. View and manage your downloads.
2026-05-07 14:51:52,991 [INFO] No listo aún. Esperando 30s...
2026-05-07 14:52:23,035 [WARNING] No pude abrir panel: Page.evaluate: Target page, context or browser has been closed
2026-05-07 14:52:28,043 [WARNING] No pude abrir panel: Page.evaluate: Target page, context or browser has been closed
2026-05-07 14:52:33,058 [WARNING] No pude abrir panel: Page.evaluate: Target page, context or browser has been closed
2026-05-07 14:52:38,084 [WARNING] No pude abrir panel: Page.evaluate: Target page, context or browser has been closed
2026-05-07 14:52:43,100 [WARNING] No pude abrir panel: Page.evaluate: Target page, context or browser has been closed
2026-05-07 14:52:48,112 [WARNING] No pude abrir panel: Page.evaluate: Target page, context or browser has been closed
2026-05-07 14:52:53,130 [WARNING] No pude abrir panel: Page.evaluate: Target page, context or browser has been closed
2026-05-07 14:52:58,147 [WARNING] No pude abrir panel: Page.evaluate: Target page, context or browser has been closed
2026-05-07 14:53:03,171 [WARNING] No pude abrir panel: Page.evaluate: Target page, context or browser has been closed
2026-05-07 14:53:08,188 [WARNING] No pude abrir panel: Page.evaluate: Target page, context or browser has been closed
2026-05-07 14:53:37,278 [INFO] ============================================================
2026-05-07 14:53:37,280 [INFO] Amazon Vendor Central — Sales Scraper
2026-05-07 14:53:37,281 [INFO] Período : 2026-01-02 → 2026-01-02
2026-05-07 14:53:37,282 [INFO] ============================================================
2026-05-07 14:53:42,820 [INFO] Cargando cookies desde cookies.json...
2026-05-07 14:53:42,865 [INFO] ✓ 28 cookies cargadas.
2026-05-07 14:53:42,867 [INFO] Verificando sesión con cookies...
2026-05-07 14:53:54,527 [INFO] URL tras cargar cookies: https://vendorcentral.amazon.com/vcnext?ref=homepage_redirect_vcnext
2026-05-07 14:53:55,800 [INFO] ✓ Sesión activa con cookies.
2026-05-07 14:53:55,801 [INFO] Total: 1 días (2026-01-02 → 2026-01-02)
2026-05-07 14:53:55,804 [INFO] Navegando a Sales...
2026-05-07 14:54:02,986 [INFO] --- Filtros para 2026-01-02 ---
2026-05-07 14:54:02,996 [INFO] Dropdown: 'Custom' → 'Daily'
2026-05-07 14:54:05,333 [INFO] js_click_option('Daily'): clicked
2026-05-07 14:54:08,229 [WARNING] set_date playwright error: 'Locator' object has no attribute 'triple_click'
2026-05-07 14:54:08,230 [WARNING] set_date: not found
2026-05-07 14:54:08,230 [INFO] Dropdown: 'Manufacturing' → 'Sourcing'
2026-05-07 14:54:10,029 [INFO] js_click_option('Sourcing'): clicked
2026-05-07 14:54:12,532 [INFO] Apply clickeado.
2026-05-07 14:54:14,624 [INFO] ✓ Tabla cargada.
2026-05-07 14:54:15,253 [INFO] Customize Columns → Select All → Save...
2026-05-07 14:54:23,311 [WARNING] Customize Columns error: Locator.wait_for: Timeout 8000ms exceeded.
Call log:
  - waiting for locator("text=/Customize Columns/i").first to be visible
    18 × locator resolved to hidden <div slot="title">Customize columns</div>

2026-05-07 14:54:23,795 [INFO] --- Filtros para 2026-01-02 ---
2026-05-07 14:54:23,796 [INFO] Dropdown: 'Custom' → 'Daily'
2026-05-07 14:54:25,415 [INFO] js_click_option('Daily'): clicked
2026-05-07 14:54:28,331 [WARNING] set_date playwright error: 'Locator' object has no attribute 'triple_click'
2026-05-07 14:54:28,331 [WARNING] set_date: not found
2026-05-07 14:54:28,333 [INFO] Dropdown: 'Manufacturing' → 'Sourcing'
2026-05-07 14:54:29,900 [INFO] js_click_option('Sourcing'): clicked
2026-05-07 14:55:11,128 [WARNING] Apply error: Locator.click: Timeout 30000ms exceeded.
Call log:
  - waiting for locator("button:has-text(\"Apply\")").first
    - locator resolved to <button disabled type="button" class="button">…</button>
  - attempting click action
    2 × waiting for element to be visible, enabled and stable
      - element is not enabled
    - retrying click action
    - waiting 20ms
    2 × waiting for element to be visible, enabled and stable
      - element is not enabled
    - retrying click action
      - waiting 100ms
    55 × waiting for element to be visible, enabled and stable
       - element is not enabled
     - retrying click action
       - waiting 500ms

2026-05-07 14:55:11,641 [INFO] Solicitando Excel...
2026-05-07 14:55:14,081 [INFO] ✓ Excel solicitado.
2026-05-07 14:55:14,081 [INFO] Esperando reporte '1-2-2026' en Manage Downloads...
2026-05-07 14:55:16,936 [INFO] Links 'Download' en panel: 8
2026-05-07 14:55:16,970 [INFO] Fila: Download Manager

Access and manage your report download requests. Reports are available to download for 5 days.

Status	
Report Name
Date Requested


2026-05-07 14:55:16,988 [INFO] Fila: Download Manager

Access and manage your report download requests. Reports are available to download for 5 days.

Status	
Report Name
Date Requested


2026-05-07 14:55:17,006 [INFO] Fila: Download Manager

Access and manage your report download requests. Reports are available to download for 5 days.

Status	
Report Name
Date Requested


2026-05-07 14:55:17,031 [INFO] Fila: Download Manager

Access and manage your report download requests. Reports are available to download for 5 days.

Status	
Report Name
Date Requested


2026-05-07 14:55:17,050 [INFO] Fila: Download Manager

Access and manage your report download requests. Reports are available to download for 5 days.

Status	
Report Name
Date Requested


2026-05-07 14:55:17,066 [INFO] Fila: Download Manager

Access and manage your report download requests. Reports are available to download for 5 days.

Status	
Report Name
Date Requested


2026-05-07 14:55:17,083 [INFO] Fila: Sales
Real Time Sales
Inventory
Traffic
Forecasting
Direct Fulfillment Forecasting
Net PPM
Catalog
Manage Downloads
2026-05-07 14:55:17,099 [INFO] Fila: Time frame
Day
View By
Distributor View
Program View
Download
Your report has been requested. View and manage your downloads.
2026-05-07 14:55:17,100 [INFO] No listo aún. Esperando 30s...
2026-05-07 14:55:49,912 [INFO] Links 'Download' en panel: 9
2026-05-07 14:55:49,943 [INFO] Fila: Download Manager

Access and manage your report download requests. Reports are available to download for 5 days.

Status	
Report Name
Date Requested


2026-05-07 14:55:49,967 [INFO] Fila: Download Manager

Access and manage your report download requests. Reports are available to download for 5 days.

Status	
Report Name
Date Requested


2026-05-07 14:55:50,004 [INFO] Fila: Download Manager

Access and manage your report download requests. Reports are available to download for 5 days.

Status	
Report Name
Date Requested


2026-05-07 14:55:50,024 [INFO] Fila: Download Manager

Access and manage your report download requests. Reports are available to download for 5 days.

Status	
Report Name
Date Requested


2026-05-07 14:55:50,044 [INFO] Fila: Download Manager

Access and manage your report download requests. Reports are available to download for 5 days.

Status	
Report Name
Date Requested


2026-05-07 14:55:50,074 [INFO] Fila: Download Manager

Access and manage your report download requests. Reports are available to download for 5 days.

Status	
Report Name
Date Requested


2026-05-07 14:55:50,099 [INFO] Fila: Download Manager

Access and manage your report download requests. Reports are available to download for 5 days.

Status	
Report Name
Date Requested


2026-05-07 14:55:50,117 [INFO] Fila: Sales
Real Time Sales
Inventory
Traffic
Forecasting
Direct Fulfillment Forecasting
Net PPM
Catalog
Manage Downloads
2026-05-07 14:55:50,135 [INFO] Fila: Time frame
Day
View By
Distributor View
Program View
Download
Your report has been requested. View and manage your downloads.
2026-05-07 14:55:50,145 [INFO] No listo aún. Esperando 30s...
2026-05-07 14:56:22,835 [INFO] Links 'Download' en panel: 9
2026-05-07 14:56:22,858 [INFO] Fila: Download Manager

Access and manage your report download requests. Reports are available to download for 5 days.

Status	
Report Name
Date Requested


2026-05-07 14:56:22,891 [INFO] Fila: Download Manager

Access and manage your report download requests. Reports are available to download for 5 days.

Status	
Report Name
Date Requested


2026-05-07 14:56:22,913 [INFO] Fila: Download Manager

Access and manage your report download requests. Reports are available to download for 5 days.

Status	
Report Name
Date Requested


2026-05-07 14:56:22,939 [INFO] Fila: Download Manager

Access and manage your report download requests. Reports are available to download for 5 days.

Status	
Report Name
Date Requested


2026-05-07 14:56:22,964 [INFO] Fila: Download Manager

Access and manage your report download requests. Reports are available to download for 5 days.

Status	
Report Name
Date Requested


2026-05-07 14:56:22,991 [INFO] Fila: Download Manager

Access and manage your report download requests. Reports are available to download for 5 days.

Status	
Report Name
Date Requested


2026-05-07 14:56:23,019 [INFO] Fila: Download Manager

Access and manage your report download requests. Reports are available to download for 5 days.

Status	
Report Name
Date Requested


2026-05-07 14:56:23,040 [INFO] Fila: Sales
Real Time Sales
Inventory
Traffic
Forecasting
Direct Fulfillment Forecasting
Net PPM
Catalog
Manage Downloads
2026-05-07 14:56:23,056 [INFO] Fila: Time frame
Day
View By
Distributor View
Program View
Download
Your report has been requested. View and manage your downloads.
2026-05-07 14:56:23,057 [INFO] No listo aún. Esperando 30s...
2026-05-07 14:56:55,749 [INFO] Links 'Download' en panel: 9
2026-05-07 14:56:55,778 [INFO] Fila: Download Manager

Access and manage your report download requests. Reports are available to download for 5 days.

Status	
Report Name
Date Requested


2026-05-07 14:56:55,810 [INFO] Fila: Download Manager

Access and manage your report download requests. Reports are available to download for 5 days.

Status	
Report Name
Date Requested


2026-05-07 14:56:55,833 [INFO] Fila: Download Manager

Access and manage your report download requests. Reports are available to download for 5 days.

Status	
Report Name
Date Requested


2026-05-07 14:56:55,851 [INFO] Fila: Download Manager

Access and manage your report download requests. Reports are available to download for 5 days.

Status	
Report Name
Date Requested


2026-05-07 14:56:55,882 [INFO] Fila: Download Manager

Access and manage your report download requests. Reports are available to download for 5 days.

Status	
Report Name
Date Requested


2026-05-07 14:56:55,907 [INFO] Fila: Download Manager

Access and manage your report download requests. Reports are available to download for 5 days.

Status	
Report Name
Date Requested


2026-05-07 14:56:55,926 [INFO] Fila: Download Manager

Access and manage your report download requests. Reports are available to download for 5 days.

Status	
Report Name
Date Requested


2026-05-07 14:56:55,948 [INFO] Fila: Sales
Real Time Sales
Inventory
Traffic
Forecasting
Direct Fulfillment Forecasting
Net PPM
Catalog
Manage Downloads
2026-05-07 14:56:55,966 [INFO] Fila: Time frame
Day
View By
Distributor View
Program View
Download
Your report has been requested. View and manage your downloads.
2026-05-07 14:56:55,967 [INFO] No listo aún. Esperando 30s...
2026-05-07 14:57:26,448 [WARNING] No pude abrir panel: Page.evaluate: Target page, context or browser has been closed
2026-05-07 15:23:45,303 [ERROR] Timeout para 2026-01-02
2026-05-07 15:23:45,455 [WARNING] No se pudo descargar 2026-01-02, continuando...
2026-05-07 15:23:57,456 [INFO] Progreso: 0 descargados.
2026-05-07 15:23:57,724 [INFO] ✓ Fin. 0 archivos en output/
2026-05-07 15:24:02,421 [INFO] Scraper finalizado.
2026-05-07 15:41:34,606 [INFO] ============================================================
2026-05-07 15:41:34,608 [INFO] Amazon Vendor Central — Sales Scraper
2026-05-07 15:41:34,608 [INFO] Período : 2026-01-02 → 2026-01-02
2026-05-07 15:41:34,608 [INFO] ============================================================
2026-05-07 15:41:42,595 [INFO] Cargando cookies desde cookies.json...
2026-05-07 15:41:42,650 [INFO] ✓ 28 cookies cargadas.
2026-05-07 15:41:42,654 [INFO] Verificando sesión con cookies...
2026-05-07 15:41:55,988 [INFO] URL tras cargar cookies: https://vendorcentral.amazon.com/vcnext?ref=homepage_redirect_vcnext
2026-05-07 15:41:57,171 [INFO] ✓ Sesión activa con cookies.
2026-05-07 15:41:57,173 [INFO] Total: 1 días (2026-01-02 → 2026-01-02)
2026-05-07 15:41:57,175 [INFO] Navegando a Sales...
2026-05-07 15:42:05,439 [INFO] --- Filtros para 2026-01-02 ---
2026-05-07 15:42:05,440 [INFO] Dropdown: 'Custom' → 'Daily'
2026-05-07 15:42:07,377 [INFO] js_click_option('Daily'): clicked
2026-05-07 15:42:10,431 [INFO] Input encontrado: value='05/05/2026' placeholder='mm/dd/yyyy'
2026-05-07 15:42:10,432 [WARNING] set_date error: 'Locator' object has no attribute 'triple_click'
2026-05-07 15:42:10,432 [INFO] Dropdown: 'Manufacturing' → 'Sourcing'
2026-05-07 15:42:12,207 [INFO] js_click_option('Sourcing'): clicked
2026-05-07 15:42:13,834 [INFO] Apply clickeado.
2026-05-07 15:42:15,951 [INFO] ✓ Tabla cargada.
2026-05-07 15:42:16,653 [INFO] Columnas: Displaying 7 of 26 columns
2026-05-07 15:42:16,654 [INFO] Abriendo Customize Columns...
2026-05-07 15:42:19,217 [INFO] Select All clickeado.
2026-05-07 15:42:21,528 [INFO] ✓ Columnas tras Save: Displaying 7 of 26 columns
2026-05-07 15:42:21,530 [INFO] --- Filtros para 2026-01-02 ---
2026-05-07 15:42:21,531 [INFO] Dropdown: 'Custom' → 'Daily'
2026-05-07 15:42:23,061 [INFO] js_click_option('Daily'): clicked
2026-05-07 15:42:25,948 [INFO] Input encontrado: value='05/05/2026' placeholder='mm/dd/yyyy'
2026-05-07 15:42:25,948 [WARNING] set_date error: 'Locator' object has no attribute 'triple_click'
2026-05-07 15:42:25,948 [INFO] Dropdown: 'Manufacturing' → 'Sourcing'
2026-05-07 15:42:27,484 [INFO] js_click_option('Sourcing'): clicked
2026-05-07 15:43:08,673 [WARNING] Apply error: Locator.click: Timeout 30000ms exceeded.
Call log:
  - waiting for locator("button:has-text(\"Apply\")").first
    - locator resolved to <button disabled type="button" class="button">…</button>
  - attempting click action
    2 × waiting for element to be visible, enabled and stable
      - element is not enabled
    - retrying click action
    - waiting 20ms
    2 × waiting for element to be visible, enabled and stable
      - element is not enabled
    - retrying click action
      - waiting 100ms
    56 × waiting for element to be visible, enabled and stable
       - element is not enabled
     - retrying click action
       - waiting 500ms

2026-05-07 15:43:09,428 [WARNING] No están todas las columnas (Displaying 7 of 26 columns), no descargo.
2026-05-07 15:43:09,452 [WARNING] No se pudo solicitar Excel para 2026-01-02
2026-05-07 15:43:09,452 [INFO] ✓ Fin. 0 archivos en output/
2026-05-07 15:43:10,985 [INFO] Scraper finalizado.
2026-05-07 15:47:17,774 [INFO] ============================================================
2026-05-07 15:47:17,775 [INFO] Amazon Vendor Central — Sales Scraper
2026-05-07 15:47:17,776 [INFO] Período : 2026-01-02 → 2026-01-02
2026-05-07 15:47:17,777 [INFO] ============================================================
2026-05-07 15:47:25,281 [INFO] Cargando cookies desde cookies.json...
2026-05-07 15:47:25,345 [INFO] ✓ 28 cookies cargadas.
2026-05-07 15:47:25,353 [INFO] Verificando sesión con cookies...
2026-05-07 15:47:37,267 [INFO] URL tras cargar cookies: https://vendorcentral.amazon.com/vcnext?ref=homepage_redirect_vcnext
2026-05-07 15:47:39,610 [INFO] ✓ Sesión activa con cookies.
2026-05-07 15:47:39,611 [INFO] Total: 1 días (2026-01-02 → 2026-01-02)
2026-05-07 15:47:39,611 [INFO] Navegando a Sales...
2026-05-07 15:47:48,566 [INFO] --- Filtros para 2026-01-02 ---
2026-05-07 15:47:48,569 [INFO] Dropdown: 'Custom' → 'Daily'
2026-05-07 15:47:50,500 [INFO] js_click_option('Daily'): clicked
2026-05-07 15:47:53,558 [INFO] Input encontrado: value='05/05/2026' placeholder='mm/dd/yyyy'
2026-05-07 15:47:55,793 [INFO] set_date: 01/02/2026
2026-05-07 15:47:55,795 [INFO] Dropdown: 'Manufacturing' → 'Sourcing'
2026-05-07 15:47:57,611 [INFO] js_click_option('Sourcing'): clicked
2026-05-07 15:47:58,747 [INFO] Apply clickeado.
2026-05-07 15:48:00,889 [INFO] ✓ Tabla cargada.
2026-05-07 15:48:01,756 [INFO] Columnas: Displaying 7 of 26 columns
2026-05-07 15:48:01,757 [INFO] Abriendo Customize Columns...
2026-05-07 15:48:04,304 [INFO] Select All clickeado.
2026-05-07 15:48:06,587 [INFO] ✓ Customize Columns guardado.
2026-05-07 15:48:06,706 [WARNING] No están todas las columnas (Displaying 7 of 26 columns), no descargo.
2026-05-07 15:48:06,707 [WARNING] No se pudo solicitar Excel para 2026-01-02
2026-05-07 15:48:06,709 [INFO] ✓ Fin. 0 archivos en output/
2026-05-07 15:48:07,651 [INFO] Scraper finalizado.
2026-05-07 15:50:51,234 [INFO] ============================================================
2026-05-07 15:50:51,235 [INFO] Amazon Vendor Central — Sales Scraper
2026-05-07 15:50:51,236 [INFO] Período : 2026-01-02 → 2026-01-02
2026-05-07 15:50:51,236 [INFO] ============================================================
2026-05-07 15:50:58,152 [INFO] Cargando cookies desde cookies.json...
2026-05-07 15:50:58,187 [INFO] ✓ 28 cookies cargadas.
2026-05-07 15:50:58,201 [INFO] Verificando sesión con cookies...
2026-05-07 15:51:11,860 [INFO] URL tras cargar cookies: https://vendorcentral.amazon.com/vcnext?ref=homepage_redirect_vcnext
2026-05-07 15:51:13,078 [INFO] ✓ Sesión activa con cookies.
2026-05-07 15:51:13,079 [INFO] Total: 1 días (2026-01-02 → 2026-01-02)
2026-05-07 15:51:13,080 [INFO] Navegando a Sales...
2026-05-07 15:51:20,554 [INFO] --- Filtros para 2026-01-02 ---
2026-05-07 15:51:20,556 [INFO] Dropdown: 'Custom' → 'Daily'
2026-05-07 15:51:22,450 [INFO] js_click_option('Daily'): clicked
2026-05-07 15:51:25,342 [INFO] Input encontrado: value='05/05/2026' placeholder='mm/dd/yyyy'
2026-05-07 15:51:27,452 [INFO] set_date: 01/02/2026
2026-05-07 15:51:27,468 [INFO] Dropdown: 'Manufacturing' → 'Sourcing'
2026-05-07 15:51:29,373 [INFO] js_click_option('Sourcing'): clicked
2026-05-07 15:51:30,728 [INFO] Apply clickeado.
2026-05-07 15:51:32,852 [INFO] ✓ Tabla cargada.
2026-05-07 15:51:33,730 [INFO] Columnas: Displaying 7 of 26 columns
2026-05-07 15:51:33,731 [INFO] Abriendo Customize Columns...
2026-05-07 15:52:06,052 [WARNING] Select All error: Locator.click: Timeout 30000ms exceeded.
Call log:
  - waiting for get_by_text("Select All", exact=True).first
    - locator resolved to <span part="label-text">…</span>
  - attempting click action
    2 × waiting for element to be visible, enabled and stable
      - element is visible, enabled and stable
      - scrolling into view if needed
      - done scrolling
      - <div class="ltr-1ydnr4r">…</div> intercepts pointer events
    - retrying click action
    - waiting 20ms
    2 × waiting for element to be visible, enabled and stable
      - element is visible, enabled and stable
      - scrolling into view if needed
      - done scrolling
      - <div class="ltr-1ydnr4r">…</div> intercepts pointer events
    - retrying click action
      - waiting 100ms
    53 × waiting for element to be visible, enabled and stable
       - element is visible, enabled and stable
       - scrolling into view if needed
       - done scrolling
       - <div class="ltr-1ydnr4r">…</div> intercepts pointer events
     - retrying click action
       - waiting 500ms

2026-05-07 15:52:08,368 [INFO] ✓ Customize Columns guardado.
2026-05-07 15:52:08,603 [WARNING] No están todas las columnas (Displaying 7 of 26 columns), no descargo.
2026-05-07 15:52:08,604 [WARNING] No se pudo solicitar Excel para 2026-01-02
2026-05-07 15:52:08,604 [INFO] ✓ Fin. 0 archivos en output/
2026-05-07 15:52:09,945 [INFO] Scraper finalizado.
2026-05-07 15:56:56,384 [INFO] ============================================================
2026-05-07 15:56:56,384 [INFO] Amazon Vendor Central — Sales Scraper
2026-05-07 15:56:56,385 [INFO] Período : 2026-01-02 → 2026-01-02
2026-05-07 15:56:56,385 [INFO] ============================================================
2026-05-07 15:57:05,373 [INFO] Cargando cookies desde cookies.json...
2026-05-07 15:57:05,402 [INFO] ✓ 28 cookies cargadas.
2026-05-07 15:57:05,408 [INFO] Verificando sesión con cookies...
2026-05-07 15:57:15,728 [INFO] URL tras cargar cookies: https://vendorcentral.amazon.com/vcnext?ref=homepage_redirect_vcnext
2026-05-07 15:57:16,923 [INFO] ✓ Sesión activa con cookies.
2026-05-07 15:57:16,932 [INFO] Total: 1 días (2026-01-02 → 2026-01-02)
2026-05-07 15:57:16,933 [INFO] Navegando a Sales...
2026-05-07 15:57:24,569 [INFO] --- Filtros para 2026-01-02 ---
2026-05-07 15:57:24,569 [INFO] Dropdown: 'Custom' → 'Daily'
2026-05-07 15:57:26,418 [INFO] js_click_option('Daily'): clicked
2026-05-07 15:57:29,347 [INFO] Input encontrado: value='05/05/2026' placeholder='mm/dd/yyyy'
2026-05-07 15:57:31,367 [INFO] set_date: 01/02/2026
2026-05-07 15:57:31,372 [INFO] Dropdown: 'Manufacturing' → 'Sourcing'
2026-05-07 15:57:33,371 [INFO] js_click_option('Sourcing'): clicked
2026-05-07 15:57:34,494 [INFO] Apply clickeado.
2026-05-07 15:57:36,600 [INFO] ✓ Tabla cargada.
2026-05-07 15:57:37,539 [INFO] Columnas: Displaying 7 of 26 columns
2026-05-07 15:57:37,545 [INFO] Abriendo Customize Columns...
2026-05-07 15:57:39,805 [INFO] Select All resultado: clicked via label attr
2026-05-07 15:57:42,843 [INFO] ✓ Customize Columns guardado.
2026-05-07 15:57:43,116 [WARNING] No están todas las columnas (Displaying 7 of 26 columns), no descargo.
2026-05-07 15:57:43,117 [WARNING] No se pudo solicitar Excel para 2026-01-02
2026-05-07 15:57:43,117 [INFO] ✓ Fin. 0 archivos en output/
2026-05-07 15:57:44,485 [INFO] Scraper finalizado.
2026-05-07 16:11:08,131 [INFO] ============================================================
2026-05-07 16:11:08,132 [INFO] Amazon Vendor Central — Sales Scraper
2026-05-07 16:11:08,132 [INFO] Período : 2026-01-02 → 2026-01-02
2026-05-07 16:11:08,133 [INFO] ============================================================
2026-05-07 16:11:15,613 [INFO] Cargando cookies desde cookies.json...
2026-05-07 16:11:15,638 [INFO] ✓ 28 cookies cargadas.
2026-05-07 16:11:15,639 [INFO] Verificando sesión con cookies...
2026-05-07 16:11:25,606 [INFO] URL tras cargar cookies: https://vendorcentral.amazon.com/vcnext?ref=homepage_redirect_vcnext
2026-05-07 16:11:27,033 [INFO] ✓ Sesión activa con cookies.
2026-05-07 16:11:27,035 [INFO] Total: 1 días (2026-01-02 → 2026-01-02)
2026-05-07 16:11:27,036 [INFO] Navegando a Sales...
2026-05-07 16:11:37,629 [INFO] --- Filtros para 2026-01-02 ---
2026-05-07 16:11:37,629 [INFO] Dropdown: 'Custom' → 'Daily'
2026-05-07 16:11:39,334 [INFO] js_click_option('Daily'): clicked
2026-05-07 16:11:42,226 [INFO] Input encontrado: value='05/05/2026' placeholder='mm/dd/yyyy'
2026-05-07 16:11:44,189 [INFO] set_date: 01/02/2026
2026-05-07 16:11:44,189 [INFO] Dropdown: 'Manufacturing' → 'Sourcing'
2026-05-07 16:11:46,042 [INFO] js_click_option('Sourcing'): clicked
2026-05-07 16:11:47,105 [INFO] Apply clickeado.
2026-05-07 16:11:49,201 [INFO] ✓ Tabla cargada.
2026-05-07 16:11:50,218 [INFO] Columnas: Displaying 7 of 26 columns
2026-05-07 16:11:50,220 [INFO] Abriendo Customize Columns...
2026-05-07 16:11:52,249 [INFO] Select All resultado: clicked Select All
2026-05-07 16:11:55,335 [INFO] ✓ Customize Columns guardado.
2026-05-07 16:11:55,429 [WARNING] No están todas las columnas (Displaying 7 of 26 columns), no descargo.
2026-05-07 16:11:55,430 [WARNING] No se pudo solicitar Excel para 2026-01-02
2026-05-07 16:11:55,430 [INFO] ✓ Fin. 0 archivos en output/
2026-05-07 16:11:57,702 [INFO] Scraper finalizado.
2026-05-07 16:13:38,708 [INFO] ============================================================
2026-05-07 16:13:38,710 [INFO] Amazon Vendor Central — Sales Scraper
2026-05-07 16:13:38,711 [INFO] Período : 2026-01-02 → 2026-01-02
2026-05-07 16:13:38,711 [INFO] ============================================================
2026-05-07 16:13:52,672 [INFO] Cargando cookies desde cookies.json...
2026-05-07 16:13:52,709 [INFO] ✓ 28 cookies cargadas.
2026-05-07 16:13:52,725 [INFO] Verificando sesión con cookies...
2026-05-07 16:14:03,634 [INFO] URL tras cargar cookies: https://vendorcentral.amazon.com/vcnext?ref=homepage_redirect_vcnext
2026-05-07 16:14:06,409 [INFO] ✓ Sesión activa con cookies.
2026-05-07 16:14:06,430 [INFO] Total: 1 días (2026-01-02 → 2026-01-02)
2026-05-07 16:14:06,444 [INFO] Navegando a Sales...
2026-05-07 16:14:15,104 [INFO] --- Filtros para 2026-01-02 ---
2026-05-07 16:14:15,104 [INFO] Dropdown: 'Custom' → 'Daily'
2026-05-07 16:14:16,873 [INFO] js_click_option('Daily'): clicked
2026-05-07 16:14:19,847 [INFO] Input encontrado: value='05/05/2026' placeholder='mm/dd/yyyy'
2026-05-07 16:14:22,037 [INFO] set_date: 01/02/2026
2026-05-07 16:14:22,039 [INFO] Dropdown: 'Manufacturing' → 'Sourcing'
2026-05-07 16:14:23,858 [INFO] js_click_option('Sourcing'): clicked
2026-05-07 16:14:24,905 [INFO] Apply clickeado.
2026-05-07 16:14:26,982 [INFO] ✓ Tabla cargada.
2026-05-07 16:14:27,721 [INFO] Columnas: Displaying 7 of 26 columns
2026-05-07 16:14:27,722 [INFO] Abriendo Customize Columns...
2026-05-07 16:14:29,764 [INFO] Select All resultado: clicked Select All
2026-05-07 16:14:32,755 [INFO] ✓ Customize Columns guardado.
2026-05-07 16:14:33,079 [WARNING] No están todas las columnas (Displaying 7 of 26 columns), no descargo.
2026-05-07 16:14:33,081 [WARNING] No se pudo solicitar Excel para 2026-01-02
2026-05-07 16:14:33,081 [INFO] ✓ Fin. 0 archivos en output/
2026-05-07 16:14:34,246 [INFO] Scraper finalizado.
2026-05-07 16:18:10,079 [INFO] ============================================================
2026-05-07 16:18:10,087 [INFO] Amazon Vendor Central — Sales Scraper
2026-05-07 16:18:10,088 [INFO] Período : 2026-01-02 → 2026-01-02
2026-05-07 16:18:10,088 [INFO] ============================================================
2026-05-07 16:18:21,528 [INFO] Cargando cookies desde cookies.json...
2026-05-07 16:18:21,587 [INFO] ✓ 28 cookies cargadas.
2026-05-07 16:18:21,593 [INFO] Verificando sesión con cookies...
2026-05-07 16:18:34,086 [INFO] URL tras cargar cookies: https://vendorcentral.amazon.com/vcnext?ref=homepage_redirect_vcnext
2026-05-07 16:18:35,208 [INFO] ✓ Sesión activa con cookies.
2026-05-07 16:18:35,218 [INFO] Total: 1 días (2026-01-02 → 2026-01-02)
2026-05-07 16:18:35,220 [INFO] Navegando a Sales...
2026-05-07 16:18:43,833 [INFO] --- Filtros para 2026-01-02 ---
2026-05-07 16:18:43,835 [INFO] Dropdown: 'Custom' → 'Daily'
2026-05-07 16:18:45,747 [INFO] js_click_option('Daily'): clicked
2026-05-07 16:18:48,703 [INFO] Input encontrado: value='05/05/2026' placeholder='mm/dd/yyyy'
2026-05-07 16:18:50,710 [INFO] set_date: 01/02/2026
2026-05-07 16:18:50,710 [INFO] Dropdown: 'Manufacturing' → 'Sourcing'
2026-05-07 16:18:52,465 [INFO] js_click_option('Sourcing'): clicked
2026-05-07 16:18:53,524 [INFO] Apply clickeado.
2026-05-07 16:18:55,652 [INFO] ✓ Tabla cargada.
2026-05-07 16:18:56,406 [INFO] Columnas: Displaying 7 of 26 columns → ✗ incompletas
2026-05-07 16:18:56,416 [INFO] Customize Columns → Select All → Save...
2026-05-07 16:18:58,455 [INFO] Select All: clicked
2026-05-07 16:19:01,454 [INFO] ✓ Modal guardado.
2026-05-07 16:19:01,454 [INFO] --- Filtros para 2026-01-02 ---
2026-05-07 16:19:01,457 [INFO] Dropdown: 'Custom' → 'Daily'
2026-05-07 16:19:02,983 [INFO] js_click_option('Daily'): clicked
2026-05-07 16:19:05,847 [INFO] Input encontrado: value='01/02/2026' placeholder='mm/dd/yyyy'
2026-05-07 16:19:07,567 [INFO] set_date: 01/02/2026
2026-05-07 16:19:07,567 [INFO] Dropdown: 'Manufacturing' → 'Sourcing'
2026-05-07 16:19:09,180 [INFO] js_click_option('Sourcing'): clicked
2026-05-07 16:19:50,419 [WARNING] Apply error: Locator.click: Timeout 30000ms exceeded.
Call log:
  - waiting for locator("button:has-text(\"Apply\")").first
    - locator resolved to <button disabled type="button" class="button">…</button>
  - attempting click action
    2 × waiting for element to be visible, enabled and stable
      - element is not enabled
    - retrying click action
    - waiting 20ms
    2 × waiting for element to be visible, enabled and stable
      - element is not enabled
    - retrying click action
      - waiting 100ms
    55 × waiting for element to be visible, enabled and stable
       - element is not enabled
     - retrying click action
       - waiting 500ms

2026-05-07 16:19:50,901 [INFO] Columnas: Displaying 26 of 26 columns → ✓ OK
2026-05-07 16:19:51,054 [INFO] ✓ Columnas OK: Displaying 26 of 26 columns
2026-05-07 16:19:51,054 [INFO] Solicitando Excel...
2026-05-07 16:19:55,497 [INFO] ✓ Excel solicitado.
2026-05-07 16:19:55,497 [INFO] Esperando reporte '1-2-2026' en Manage Downloads...
2026-05-07 16:19:57,912 [INFO] Links 'Download' en panel: 8
2026-05-07 16:19:57,941 [INFO] Fila: Download Manager

Access and manage your report download requests. Reports are available to download for 5 days.

Status	
Report Name
Date Requested


2026-05-07 16:19:57,941 [INFO] ✓ Reporte encontrado para 2026-01-02. Descargando...
2026-05-07 16:19:59,973 [INFO] ✓ Guardado: output\SALES_20260102_HoneyCanDoHK.xlsx
2026-05-07 16:19:59,974 [INFO] [1] ✓ 2026-01-02
2026-05-07 16:20:05,474 [INFO] Subiendo SALES_20260102_HoneyCanDoHK.xlsx a SharePoint...
2026-05-07 16:20:08,423 [ERROR] Cannot get binary security token for from https://login.microsoftonline.com/extSTS.srf
2026-05-07 16:20:08,424 [ERROR] Error subiendo a SharePoint: Cannot get binary security token for from https://login.microsoftonline.com/extSTS.srf
2026-05-07 16:20:18,366 [INFO] Progreso: 1 descargados.
2026-05-07 16:20:18,366 [INFO] ✓ Fin. 1 archivos en output/
2026-05-07 16:20:22,026 [INFO] Scraper finalizado.
2026-05-07 16:24:52,664 [INFO] ============================================================
2026-05-07 16:24:52,665 [INFO] Amazon Vendor Central — Sales Scraper
2026-05-07 16:24:52,665 [INFO] Período : 2026-01-02 → 2026-01-02
2026-05-07 16:24:52,665 [INFO] ============================================================
2026-05-07 16:24:59,715 [INFO] Cargando cookies desde cookies.json...
2026-05-07 16:24:59,875 [INFO] ✓ 28 cookies cargadas.
2026-05-07 16:24:59,927 [INFO] Verificando sesión con cookies...
2026-05-07 16:25:12,217 [INFO] URL tras cargar cookies: https://vendorcentral.amazon.com/vcnext?ref=homepage_redirect_vcnext
2026-05-07 16:25:13,505 [INFO] ✓ Sesión activa con cookies.
2026-05-07 16:25:13,507 [INFO] Total: 1 días (2026-01-02 → 2026-01-02)
2026-05-07 16:25:13,508 [INFO] Navegando a Sales...
2026-05-07 16:25:21,051 [INFO] --- Filtros para 2026-01-02 ---
2026-05-07 16:25:21,053 [INFO] Dropdown: 'Custom' → 'Daily'
2026-05-07 16:25:22,816 [INFO] js_click_option('Daily'): clicked
2026-05-07 16:25:26,484 [INFO] Input encontrado: value='05/05/2026' placeholder='mm/dd/yyyy'
2026-05-07 16:25:30,810 [INFO] set_date: 01/02/2026
2026-05-07 16:25:30,811 [INFO] Dropdown: 'Manufacturing' → 'Sourcing'
2026-05-07 16:25:32,621 [INFO] js_click_option('Sourcing'): clicked
2026-05-07 16:25:35,876 [INFO] Apply clickeado.
2026-05-07 16:25:37,971 [INFO] ✓ Tabla cargada.
2026-05-07 16:25:39,136 [INFO] Columnas: Displaying 7 of 26 columns → ✗ incompletas
2026-05-07 16:25:39,139 [INFO] Customize Columns → Select All → Save...
2026-05-07 16:25:41,609 [INFO] Select All: clickeado via Playwright locator
2026-05-07 16:25:44,779 [INFO] ✓ Modal guardado.
2026-05-07 16:25:44,781 [INFO] --- Filtros para 2026-01-02 ---
2026-05-07 16:25:44,782 [INFO] Dropdown: 'Custom' → 'Daily'
2026-05-07 16:25:46,451 [INFO] js_click_option('Daily'): clicked
2026-05-07 16:25:49,349 [INFO] Input encontrado: value='01/02/2026' placeholder='mm/dd/yyyy'
2026-05-07 16:25:51,152 [INFO] set_date: 01/02/2026
2026-05-07 16:25:51,153 [INFO] Dropdown: 'Manufacturing' → 'Sourcing'
2026-05-07 16:25:52,762 [INFO] js_click_option('Sourcing'): clicked
2026-05-07 16:26:33,982 [WARNING] Apply error: Locator.click: Timeout 30000ms exceeded.
Call log:
  - waiting for locator("button:has-text(\"Apply\")").first
    - locator resolved to <button disabled type="button" class="button">…</button>
  - attempting click action
    2 × waiting for element to be visible, enabled and stable
      - element is not enabled
    - retrying click action
    - waiting 20ms
    2 × waiting for element to be visible, enabled and stable
      - element is not enabled
    - retrying click action
      - waiting 100ms
    55 × waiting for element to be visible, enabled and stable
       - element is not enabled
     - retrying click action
       - waiting 500ms

2026-05-07 16:26:35,187 [INFO] Columnas: Displaying 26 of 26 columns → ✓ OK
2026-05-07 16:26:35,429 [INFO] ✓ Columnas OK: Displaying 26 of 26 columns
2026-05-07 16:26:35,432 [INFO] Solicitando Excel...
2026-05-07 16:26:37,854 [INFO] ✓ Excel solicitado.
2026-05-07 16:26:37,855 [INFO] Esperando reporte '1-2-2026' en Manage Downloads...
2026-05-07 16:26:40,923 [INFO] Links 'Download' en panel: 8
2026-05-07 16:26:41,079 [INFO] Fila: Download Manager

Access and manage your report download requests. Reports are available to download for 5 days.

Status	
Report Name
Date Requested


2026-05-07 16:26:41,086 [INFO] ✓ Reporte encontrado para 2026-01-02. Descargando...
2026-05-07 16:26:43,796 [INFO] ✓ Guardado: output\SALES_20260102_HoneyCanDoHK.xlsx
2026-05-07 16:26:43,796 [INFO] [1] ✓ 2026-01-02
2026-05-07 16:26:48,443 [INFO] Conectando a SharePoint como carlos.p@hatchecom.com...
2026-05-07 16:26:48,443 [INFO] Site: https://hatchecom.sharepoint.com/sites/Hatchecom
2026-05-07 16:26:48,443 [INFO] Folder: Shared Documents/Data Manuel Dashboard PBI/Honey Can Do Brand LK/00 Sales
2026-05-07 16:26:51,084 [ERROR] Cannot get binary security token for from https://login.microsoftonline.com/extSTS.srf
2026-05-07 16:26:51,091 [ERROR] Error de autenticación SharePoint: Cannot get binary security token for from https://login.microsoftonline.com/extSTS.srf
2026-05-07 16:26:51,091 [ERROR] Verificá usuario y contraseña en config.py
2026-05-07 16:27:05,376 [INFO] Progreso: 1 descargados.
2026-05-07 16:27:05,376 [INFO] ✓ Fin. 1 archivos en output/
2026-05-07 16:27:06,954 [INFO] Scraper finalizado.
2026-05-07 16:50:30,246 [INFO] ============================================================
2026-05-07 16:50:30,248 [INFO] Amazon Vendor Central — Sales Scraper
2026-05-07 16:50:30,249 [INFO] Período : 2026-01-02 → 2026-01-02
2026-05-07 16:50:30,249 [INFO] ============================================================
2026-05-07 16:50:37,871 [INFO] Cargando cookies desde cookies.json...
2026-05-07 16:50:37,903 [INFO] ✓ 28 cookies cargadas.
2026-05-07 16:50:37,907 [INFO] Verificando sesión con cookies...
2026-05-07 16:50:49,676 [INFO] URL tras cargar cookies: https://vendorcentral.amazon.com/vcnext?ref=homepage_redirect_vcnext
2026-05-07 16:50:51,211 [INFO] ✓ Sesión activa con cookies.
2026-05-07 16:50:51,215 [INFO] Total: 1 días (2026-01-02 → 2026-01-02)
2026-05-07 16:50:51,216 [INFO] Ya existe: SALES_20260102_HoneyCanDoHK.xlsx
2026-05-07 16:50:51,217 [INFO] ✓ Fin. 0 archivos en output/
2026-05-07 16:50:52,992 [INFO] Scraper finalizado.
2026-05-07 16:53:55,197 [INFO] ============================================================
2026-05-07 16:53:55,198 [INFO] Amazon Vendor Central — Sales Scraper
2026-05-07 16:53:55,198 [INFO] Período : 2026-01-02 → 2026-01-02
2026-05-07 16:53:55,198 [INFO] ============================================================
2026-05-07 16:54:08,354 [INFO] Cargando cookies desde cookies.json...
2026-05-07 16:54:08,392 [INFO] ✓ 28 cookies cargadas.
2026-05-07 16:54:08,419 [INFO] Verificando sesión con cookies...
2026-05-07 16:54:20,165 [INFO] URL tras cargar cookies: https://vendorcentral.amazon.com/vcnext?ref=homepage_redirect_vcnext
2026-05-07 16:54:22,587 [INFO] ✓ Sesión activa con cookies.
2026-05-07 16:54:22,588 [INFO] Total: 1 días (2026-01-02 → 2026-01-02)
2026-05-07 16:54:22,588 [INFO] Navegando a Sales...
2026-05-07 16:54:30,248 [INFO] --- Filtros para 2026-01-02 ---
2026-05-07 16:54:30,251 [INFO] Dropdown: 'Custom' → 'Daily'
2026-05-07 16:54:32,034 [INFO] js_click_option('Daily'): clicked
2026-05-07 16:54:34,944 [INFO] Input encontrado: value='05/05/2026' placeholder='mm/dd/yyyy'
2026-05-07 16:54:36,933 [INFO] set_date: 01/02/2026
2026-05-07 16:54:36,936 [INFO] Dropdown: 'Manufacturing' → 'Sourcing'
2026-05-07 16:54:38,689 [INFO] js_click_option('Sourcing'): clicked
2026-05-07 16:54:39,772 [INFO] Apply clickeado.
2026-05-07 16:54:41,863 [INFO] ✓ Tabla cargada.
2026-05-07 16:54:42,600 [INFO] Columnas: Displaying 7 of 26 columns → ✗ incompletas
2026-05-07 16:54:42,600 [INFO] Customize Columns → Select All → Save...
2026-05-07 16:54:44,784 [INFO] Select All: clickeado via Playwright locator
2026-05-07 16:54:47,938 [INFO] ✓ Modal guardado.
2026-05-07 16:54:47,945 [INFO] --- Filtros para 2026-01-02 ---
2026-05-07 16:54:47,945 [INFO] Dropdown: 'Custom' → 'Daily'
2026-05-07 16:54:49,543 [INFO] js_click_option('Daily'): clicked
2026-05-07 16:54:52,399 [INFO] Input encontrado: value='01/02/2026' placeholder='mm/dd/yyyy'
2026-05-07 16:54:54,210 [INFO] set_date: 01/02/2026
2026-05-07 16:54:54,211 [INFO] Dropdown: 'Manufacturing' → 'Sourcing'
2026-05-07 16:54:55,825 [INFO] js_click_option('Sourcing'): clicked
2026-05-07 16:55:36,995 [WARNING] Apply error: Locator.click: Timeout 30000ms exceeded.
Call log:
  - waiting for locator("button:has-text(\"Apply\")").first
    - locator resolved to <button disabled type="button" class="button">…</button>
  - attempting click action
    2 × waiting for element to be visible, enabled and stable
      - element is not enabled
    - retrying click action
    - waiting 20ms
    2 × waiting for element to be visible, enabled and stable
      - element is not enabled
    - retrying click action
      - waiting 100ms
    55 × waiting for element to be visible, enabled and stable
       - element is not enabled
     - retrying click action
       - waiting 500ms

2026-05-07 16:55:38,129 [INFO] Columnas: Displaying 26 of 26 columns → ✓ OK
2026-05-07 16:55:38,354 [INFO] ✓ Columnas OK: Displaying 26 of 26 columns
2026-05-07 16:55:38,355 [INFO] Solicitando Excel...
2026-05-07 16:55:40,813 [INFO] ✓ Excel solicitado.
2026-05-07 16:55:40,813 [INFO] Esperando reporte '1-2-2026' en Manage Downloads...
2026-05-07 16:55:43,621 [INFO] Links 'Download' en panel: 8
2026-05-07 16:55:43,932 [INFO] Fila: Download Manager

Access and manage your report download requests. Reports are available to download for 5 days.

Status	
Report Name
Date Requested


2026-05-07 16:55:43,939 [INFO] ✓ Reporte encontrado para 2026-01-02. Descargando...
2026-05-07 16:55:46,555 [INFO] ✓ Guardado: output\SALES_20260102_HoneyCanDoHK.xlsx
2026-05-07 16:55:46,558 [INFO] [1] ✓ 2026-01-02
2026-05-07 16:55:53,339 [INFO] ✓ Subido a SharePoint: SALES_20260102_HoneyCanDoHK.xlsx
2026-05-07 16:56:02,955 [INFO] Progreso: 1 descargados.
2026-05-07 16:56:02,968 [INFO] ✓ Fin. 1 archivos en output/
2026-05-07 16:56:04,236 [INFO] Scraper finalizado.
2026-05-07 17:18:25,694 [INFO] ============================================================
2026-05-07 17:18:25,696 [INFO] Amazon Vendor Central — Sales Scraper
2026-05-07 17:18:25,721 [INFO] Período : 2026-01-02 → 2026-01-02
2026-05-07 17:18:25,723 [INFO] ============================================================
2026-05-07 17:18:45,964 [INFO] Cargando cookies desde cookies.json...
2026-05-07 17:18:46,802 [INFO] ✓ 28 cookies cargadas.
2026-05-07 17:18:46,828 [INFO] Verificando sesión con cookies...
2026-05-07 17:19:17,358 [ERROR] Error: Page.goto: Timeout 30000ms exceeded.
Call log:
  - navigating to "https://vendorcentral.amazon.com/", waiting until "load"
Traceback (most recent call last):
  File "C:\Users\Carlos Pericon\Desktop\Amazon Scraping\main.py", line 133, in main
    if not verify_session(page):
           ^^^^^^^^^^^^^^^^^^^^
  File "C:\Users\Carlos Pericon\Desktop\Amazon Scraping\main.py", line 62, in verify_session
    page.goto("https://vendorcentral.amazon.com", timeout=30000)
  File "C:\Users\Carlos Pericon\Desktop\Amazon Scraping\.venv\Lib\site-packages\playwright\sync_api\_generated.py", line 9362, in goto
    self._sync(
  File "C:\Users\Carlos Pericon\Desktop\Amazon Scraping\.venv\Lib\site-packages\playwright\_impl\_sync_base.py", line 115, in _sync
    return task.result()
           ^^^^^^^^^^^^^
  File "C:\Users\Carlos Pericon\Desktop\Amazon Scraping\.venv\Lib\site-packages\playwright\_impl\_page.py", line 552, in goto
    return await self._main_frame.goto(**locals_to_params(locals()))
           ^^^^^^^^^^^^^^^^^^^^^^^^^^^^^^^^^^^^^^^^^^^^^^^^^^^^^^^^^
  File "C:\Users\Carlos Pericon\Desktop\Amazon Scraping\.venv\Lib\site-packages\playwright\_impl\_frame.py", line 153, in goto
    await self._channel.send(
  File "C:\Users\Carlos Pericon\Desktop\Amazon Scraping\.venv\Lib\site-packages\playwright\_impl\_connection.py", line 69, in send
    return await self._connection.wrap_api_call(
           ^^^^^^^^^^^^^^^^^^^^^^^^^^^^^^^^^^^^^
  File "C:\Users\Carlos Pericon\Desktop\Amazon Scraping\.venv\Lib\site-packages\playwright\_impl\_connection.py", line 559, in wrap_api_call
    raise rewrite_error(error, f"{parsed_st['apiName']}: {error}") from None
playwright._impl._errors.TimeoutError: Page.goto: Timeout 30000ms exceeded.
Call log:
  - navigating to "https://vendorcentral.amazon.com/", waiting until "load"

2026-05-07 17:19:58,602 [INFO] ============================================================
2026-05-07 17:19:58,604 [INFO] Amazon Vendor Central — Sales Scraper
2026-05-07 17:19:58,605 [INFO] Período : 2026-01-02 → 2026-01-02
2026-05-07 17:19:58,606 [INFO] ============================================================
2026-05-07 17:20:15,405 [INFO] Cargando cookies desde cookies.json...
2026-05-07 17:20:15,782 [INFO] ✓ 28 cookies cargadas.
2026-05-07 17:20:15,787 [INFO] Verificando sesión con cookies...
2026-05-07 17:20:45,911 [ERROR] Error: Page.goto: Timeout 30000ms exceeded.
Call log:
  - navigating to "https://vendorcentral.amazon.com/", waiting until "load"
Traceback (most recent call last):
  File "C:\Users\Carlos Pericon\Desktop\Amazon Scraping\main.py", line 133, in main
    if not verify_session(page):
           ^^^^^^^^^^^^^^^^^^^^
  File "C:\Users\Carlos Pericon\Desktop\Amazon Scraping\main.py", line 62, in verify_session
    page.goto("https://vendorcentral.amazon.com", timeout=30000)
  File "C:\Users\Carlos Pericon\Desktop\Amazon Scraping\.venv\Lib\site-packages\playwright\sync_api\_generated.py", line 9362, in goto
    self._sync(
  File "C:\Users\Carlos Pericon\Desktop\Amazon Scraping\.venv\Lib\site-packages\playwright\_impl\_sync_base.py", line 115, in _sync
    return task.result()
           ^^^^^^^^^^^^^
  File "C:\Users\Carlos Pericon\Desktop\Amazon Scraping\.venv\Lib\site-packages\playwright\_impl\_page.py", line 552, in goto
    return await self._main_frame.goto(**locals_to_params(locals()))
           ^^^^^^^^^^^^^^^^^^^^^^^^^^^^^^^^^^^^^^^^^^^^^^^^^^^^^^^^^
  File "C:\Users\Carlos Pericon\Desktop\Amazon Scraping\.venv\Lib\site-packages\playwright\_impl\_frame.py", line 153, in goto
    await self._channel.send(
  File "C:\Users\Carlos Pericon\Desktop\Amazon Scraping\.venv\Lib\site-packages\playwright\_impl\_connection.py", line 69, in send
    return await self._connection.wrap_api_call(
           ^^^^^^^^^^^^^^^^^^^^^^^^^^^^^^^^^^^^^
  File "C:\Users\Carlos Pericon\Desktop\Amazon Scraping\.venv\Lib\site-packages\playwright\_impl\_connection.py", line 559, in wrap_api_call
    raise rewrite_error(error, f"{parsed_st['apiName']}: {error}") from None
playwright._impl._errors.TimeoutError: Page.goto: Timeout 30000ms exceeded.
Call log:
  - navigating to "https://vendorcentral.amazon.com/", waiting until "load"

